{
"type": "FeatureCollection",
"name": "USA_ZIP_Codes",
"crs": { "type": "name", "properties": { "name": "urn:ogc:def:crs:OGC:1.3:CRS84" } },
"features": [
{"type":"Feature","properties":{"FID":12003,"ObjectID":12700,"ZIP":"85042","PO_NAME":"Phoenix","STATE":"AZ","POP2010":39636,"POP10_SQMI":3792.9,"POP2012":41146,"POP12_SQMI":3956.3,"WHITE":18895,"BLACK":6854,"AMERI_ES":1012,"ASIAN":980,"HAWN_PI":98,"HISPANIC":21886,"OTHER":10156,"MULT_RACE":1641,"MALES":19705,"FEMALES":19931,"AGE_UNDER5":3400,"AGE_5_9":3304,"AGE_10_14":3103,"AGE_15_19":3062,"AGE_20_24":3059,"AGE_25_34":6363,"AGE_35_44":5427,"AGE_45_54":5023,"AGE_55_64":3906,"AGE_65_74":1836,"AGE_75_84":894,"AGE_85_UP":260,"MED_AGE":31.0,"MED_AGE_M":30.3,"MED_AGE_F":31.7,"HOUSEHOLDS":12765,"AVE_HH_SZ":3.07,"HSEHLD_1_M":1483,"HSEHLD_1_F":1353,"MARHH_CHD":2817,"MARHH_NO_C":2470,"MHH_CHILD":693,"FHH_CHILD":1759,"FAMILIES":8867,"AVE_FAM_SZ":3.63,"HSE_UNITS":14094,"VACANT":1329,"OWNER_OCC":8431,"RENTER_OCC":4334,"SQMI":10.4},"geometry":{"type":"Polygon","coordinates":[[[-112.073389995284003,33.392220903506797],[-112.054869990019995,33.392256385612797],[-112.054517249865,33.392276340962603],[-112.051761810892998,33.392596373551498],[-112.047351838650997,33.392738195262297],[-112.042420893051997,33.392849977235201],[-112.040283643072001,33.392823619099403],[-112.039650887741999,33.392838185437597],[-112.034382728744006,33.393045475635702],[-112.021060932039006,33.393512718946901],[-112.020363615283003,33.393553643421001],[-112.017108172077997,33.3938299769952],[-112.016568203787998,33.393802711798003],[-112.016027275081001,33.393689115702301],[-112.015613655102996,33.393551829298303],[-112.013487289859,33.392699991972201],[-112.013076337708,33.392603630042302],[-112.012610908518994,33.392545471402499],[-111.994940926458,33.392630895239499],[-111.994885435645998,33.393213655482299],[-111.993447263188003,33.392782747981798],[-111.993607279483001,33.392643647455102],[-111.984109066531005,33.392715465371801],[-111.984582712629006,33.392846348989799],[-111.983090916837995,33.392861822389399],[-111.981971816550995,33.392860008266702],[-111.981999081748,33.392730885414899],[-111.980809070606,33.392740009385001],[-111.980778177163998,33.392871800064299],[-111.979431831328995,33.392892715831998],[-111.978900933652994,33.392839999560302],[-111.978890902621998,33.392749079998502],[-111.978319080472005,33.392757296907298],[-111.978366354374998,33.389447269950701],[-111.978418163585999,33.378397288446102],[-111.978466344550995,33.378326377590703],[-111.978475468520998,33.378252745551201],[-111.978468158672996,33.378119994454003],[-111.978481817949998,33.376742701820199],[-111.978967255845006,33.376733631206598],[-111.979632718741001,33.376592716557198],[-111.984421842629004,33.376562730175898],[-111.984425470874996,33.3764709035528],[-111.986921810439,33.376449080723702],[-111.987340019079994,33.376395457390601],[-111.988949999629995,33.375957293399203],[-111.989189997392998,33.3759390988156],[-111.989307275090994,33.375965456951398],[-111.989502720134993,33.376049973727199],[-111.989586383206003,33.3761099998463],[-111.989681838074006,33.376240883464298],[-111.989732740223005,33.376359975284601],[-111.989865437963999,33.376960930110997],[-111.989918207591998,33.3771036588832],[-111.990107249849999,33.377400908225098],[-111.990231837395001,33.377530884781699],[-111.990889990444003,33.378022725462699],[-111.991558174524002,33.378021818401301],[-111.992249995554999,33.378022725462699],[-111.992263654832001,33.374489988264997],[-111.993207265424999,33.374289100852998],[-111.996057252203997,33.374466351313202],[-111.996890894947001,33.374072740041399],[-111.997932734949003,33.373636390172798],[-111.999027291222006,33.373220902715303],[-111.999542715497995,33.372029984511897],[-112.000307261507999,33.372909087035197],[-112.001174518876994,33.372966338613701],[-112.002271796334995,33.372447286091997],[-112.003382733069003,33.372459077889602],[-112.004207251842004,33.371409074335602],[-112.009205480050994,33.371200930432799],[-112.009959995029007,33.370553662120599],[-112.014158195123002,33.370500892492402],[-112.014112735341996,33.3713509156957],[-112.016186384313997,33.370686359861303],[-112.018410925609999,33.3698045361539],[-112.018235435915997,33.369750912820898],[-112.018336386510001,33.3694336547726],[-112.018614534207003,33.3691727412414],[-112.019423632935997,33.368509999529699],[-112.019616356796007,33.368692745714597],[-112.019685453527998,33.368822722271197],[-112.019703648111999,33.369039083082797],[-112.019682732343995,33.369311841768202],[-112.021120904802004,33.368723639157302],[-112.021382725394005,33.368223634924099],[-112.021457264494998,33.368161794682202],[-112.021530896534998,33.3681627017436],[-112.021677253551999,33.368225449046797],[-112.021832734539998,33.368299988147598],[-112.021996379079994,33.3684190799679],[-112.023890910112996,33.367653626896796],[-112.023983643796996,33.367312731896803],[-112.024551837702006,33.366508168474297],[-112.025361843492007,33.364580929876198],[-112.027502721717994,33.3644981738666],[-112.027209100620993,33.365280007398603],[-112.027726339020006,33.365349104131298],[-112.028058163406996,33.365556340972802],[-112.027791807507995,33.365962704460202],[-112.028120910710001,33.365900917574898],[-112.028226343254005,33.365916337618003],[-112.028291811740999,33.3659590762148],[-112.028371793209999,33.366057252267403],[-112.028456363342002,33.366317258737197],[-112.030870000253003,33.366611840251601],[-112.031519082688007,33.366704520579503],[-112.031582737052005,33.366726343408601],[-112.031613630495002,33.3667627325759],[-112.035934550654005,33.362066342372003],[-112.045259995094995,33.362301804828597],[-112.045880905272,33.362489086320302],[-112.047112747949001,33.362352706977603],[-112.048079995494007,33.361760022416497],[-112.048837285012993,33.362008183732101],[-112.051003614313004,33.359319066951798],[-112.057626389410004,33.356218197672597],[-112.058880001559999,33.35554819947],[-112.063568174855007,33.355871806947803],[-112.065503630362002,33.355897258022303],[-112.066007262840998,33.356039079733101],[-112.065959988936996,33.3547600165085],[-112.067202716351005,33.354623637165801],[-112.068218198216996,33.354607256704803],[-112.070876368198,33.356108176465803],[-112.072217271664996,33.356080911268499],[-112.071719988615001,33.355263648987098],[-112.071690909295995,33.355178171793398],[-112.071736369076007,33.354989076179002],[-112.071799116380006,33.354867263174597],[-112.071960893439993,33.354732751311197],[-112.072124537980002,33.354620915981698],[-112.072970025876998,33.3543227062219],[-112.074270004869007,33.353791808546099],[-112.074715478708001,33.353631792251598],[-112.075490909454004,33.353409989071899],[-112.075879985418993,33.353208194598501],[-112.076209088620999,33.352991833786902],[-112.077412705683997,33.352100886109397],[-112.078535434215993,33.351080015231901],[-112.079421793229997,33.350206355076701],[-112.079676357332005,33.349992715449098],[-112.080448159832002,33.3495345427514],[-112.081193657553996,33.348995428166802],[-112.081739068210993,33.348647276675898],[-112.081948172531995,33.348537255469097],[-112.082145431697995,33.348471840338398],[-112.082883619572002,33.348343624548001],[-112.083028162467002,33.348292722398902],[-112.083906357928996,33.347703612726697],[-112.084239089376993,33.3475163845916],[-112.084292712709995,33.3474563584724],[-112.084429999113993,33.347152706344502],[-112.084599993083998,33.346986340620496],[-112.084694540890993,33.347023636849201],[-112.084893614180004,33.347038203187502],[-112.085247261396006,33.346956354239197],[-112.085606350979006,33.346746342857102],[-112.085989984576003,33.346482708141899],[-112.086297264950005,33.346332722878898],[-112.086559085542007,33.346273657177697],[-112.086786384446995,33.3462563696554],[-112.088420001947995,33.346157286541398],[-112.088608190501006,33.346181830554599],[-112.088759989886995,33.3462563696554],[-112.089109101795998,33.346598171716799],[-112.088928169734004,33.346796337944802],[-112.088915470874994,33.346922739612502],[-112.088992731158996,33.347057251475903],[-112.089696343989004,33.347453637288403],[-112.089813621686005,33.347481809546899],[-112.090147260196005,33.3474608937792],[-112.090444562894007,33.347329103099902],[-112.090436345984998,33.3473454302043],[-112.090628162784,33.347660927486402],[-112.090708197609004,33.347769081213897],[-112.090790900261993,33.347820890424302],[-112.090862718178997,33.347811819810801],[-112.090927279604998,33.347776337704801],[-112.090989973551999,33.347701798604],[-112.091260918114003,33.3475918307537],[-112.091513614736996,33.347451823165599],[-112.091600906053003,33.347332731345297],[-112.091590928377997,33.347302744963997],[-112.091624543004997,33.347306373209399],[-112.092348164539999,33.348409093035201],[-112.092079994518002,33.3487963548775],[-112.091551818027,33.348629989153601],[-112.091408182193007,33.348971844571601],[-112.091363629474003,33.348940897772401],[-112.091441796820007,33.349070927685602],[-112.091456363158002,33.349637254110803],[-112.091653622324998,33.351511829793701],[-112.091719090812006,33.351549979727203],[-112.091597277806997,33.354619101859001],[-112.091976376098003,33.3549509262456],[-112.092035441798998,33.355720914623397],[-112.091932730438998,33.355872714009102],[-112.091870890197995,33.355811834185197],[-112.090638193814996,33.355802710215102],[-112.089387249493001,33.355862736334203],[-112.084164550276,33.355838192321102],[-112.083719076437006,33.355840913505098],[-112.083603612863001,33.355860922211498],[-112.079170910729999,33.353709105893103],[-112.073128174692002,33.357608189165298],[-112.073208156161002,33.3579072526299],[-112.073247266511999,33.358197298837602],[-112.073272717587002,33.359651798399703],[-112.073227257805996,33.360571825397102],[-112.073199085547003,33.3668982048572],[-112.073250894758004,33.367656348080899],[-112.073291819231997,33.375638167871699],[-112.073286376864004,33.377215440856098],[-112.073259111666005,33.377755462502101],[-112.073248173574001,33.379082706691598],[-112.073306385570007,33.387693653567403],[-112.073296354538996,33.3909836184611],[-112.073360008902995,33.391080887452297],[-112.073389995284003,33.392220903506797]]]}},
{"type":"Feature","properties":{"FID":12009,"ObjectID":12701,"ZIP":"85043","PO_NAME":"Phoenix","STATE":"AZ","POP2010":30981,"POP10_SQMI":1313.3,"POP2012":32674,"POP12_SQMI":1384.5,"WHITE":14849,"BLACK":2915,"AMERI_ES":664,"ASIAN":675,"HAWN_PI":39,"HISPANIC":21837,"OTHER":10628,"MULT_RACE":1212,"MALES":15256,"FEMALES":15725,"AGE_UNDER5":3550,"AGE_5_9":3351,"AGE_10_14":3058,"AGE_15_19":2770,"AGE_20_24":2398,"AGE_25_34":5444,"AGE_35_44":4506,"AGE_45_54":3050,"AGE_55_64":1721,"AGE_65_74":735,"AGE_75_84":312,"AGE_85_UP":83,"MED_AGE":25.7,"MED_AGE_M":25.2,"MED_AGE_F":26.1,"HOUSEHOLDS":8448,"AVE_HH_SZ":3.67,"HSEHLD_1_M":643,"HSEHLD_1_F":460,"MARHH_CHD":3082,"MARHH_NO_C":1224,"MHH_CHILD":600,"FHH_CHILD":1382,"FAMILIES":6823,"AVE_FAM_SZ":4.0,"HSE_UNITS":9830,"VACANT":1382,"OWNER_OCC":5638,"RENTER_OCC":2810,"SQMI":23.6},"geometry":{"type":"Polygon","coordinates":[[[-112.238096383869006,33.465328181296201],[-112.236508172792,33.4653490970639],[-112.236407275554996,33.465306358467103],[-112.234900006364995,33.465322738928101],[-112.224886369136996,33.465518183971902],[-112.224271808390995,33.465346375879903],[-112.220439100666994,33.465520905155998],[-112.220397269131993,33.464507290769298],[-112.218570020708995,33.464493631492402],[-112.218421796211999,33.464423627698402],[-112.217394522548005,33.464417278268897],[-112.217079985683995,33.464467273356497],[-112.216517287504004,33.464469087479301],[-112.216390885837001,33.464492724431103],[-112.216359992394004,33.464523617873702],[-112.216332727196999,33.464632732019098],[-112.216292709784,33.465670890418998],[-112.213378161578007,33.465681828511798],[-112.212654540043005,33.465698155616202],[-112.212416356402002,33.465757274673997],[-112.208399995432003,33.465802734454897],[-112.1864436149,33.465972728424198],[-112.161779976359995,33.465970007240202],[-112.156350894007005,33.465950905595101],[-112.156280890212997,33.465913662722997],[-112.156131812010997,33.465907259936998],[-112.155150905189998,33.465909074059702],[-112.155070923720999,33.4659463702884],[-112.151800914177002,33.465949998533802],[-112.151853630448997,33.4643745396721],[-112.151920005996999,33.464279084803501],[-112.151944550010995,33.464178187566802],[-112.151959116349005,33.463630909430002],[-112.151940921765004,33.463089073661401],[-112.151995452159994,33.461340899646203],[-112.151963651656004,33.460346386904497],[-112.152119079287004,33.460199069469098],[-112.151953620623999,33.460140910829203],[-112.151926355426994,33.459812714688098],[-112.151859979877997,33.459718166880897],[-112.151761803826005,33.4513591162792],[-112.151798192992999,33.446685455965799],[-112.151836342926003,33.444675461358102],[-112.151892740799994,33.444569975458101],[-112.151905439659004,33.443756341422102],[-112.151846373957994,33.4436182013132],[-112.151829993497003,33.4429899812896],[-112.151866382663997,33.439595437557301],[-112.151890926676998,33.433085458207501],[-112.151870010910002,33.431310926056497],[-112.151895461983997,33.424718190697099],[-112.151771834857001,33.415972731957901],[-112.151739980996993,33.415171796780903],[-112.151520899001,33.412808208314097],[-112.151557288167993,33.412675457216899],[-112.151620889176002,33.412566343071497],[-112.146121803029004,33.412515440922398],[-112.146221793204006,33.412737297458698],[-112.146244523095007,33.412948162545703],[-112.146219979082005,33.413025476187102],[-112.146148161165002,33.413094519563202],[-112.145700019499003,33.4131263734238],[-112.145265430395995,33.413246372305501],[-112.145206364694999,33.413272730441399],[-112.145120887500994,33.413378162984799],[-112.144937287611995,33.413455476626297],[-112.144929070703,33.413500883050602],[-112.144969088116,33.413559095046999],[-112.145120887500994,33.413692753205602],[-112.145129104410003,33.413742748293302],[-112.145080923444993,33.413797278687703],[-112.145067264168006,33.413969086779801],[-112.145091808180993,33.414048161187402],[-112.145239072259997,33.414239977985801],[-112.145379079847999,33.414370007899002],[-112.145410026647994,33.414431794784299],[-112.145396367371006,33.414488192657998],[-112.145077295199997,33.414589996956003],[-112.144887292524004,33.414783627877199],[-112.144803629452994,33.4148127071971],[-112.144611812655,33.414820924105904],[-112.144524521337999,33.414850910487203],[-112.144119064912005,33.414900905574797],[-112.142838187565005,33.414967281123403],[-112.142976381029996,33.4157163537336],[-112.141587296598999,33.415929993361097],[-112.141157296160003,33.416027262352401],[-112.140432714206,33.416290897067597],[-112.137938188765006,33.417359095205299],[-112.137642753546004,33.4175036381002],[-112.137212753106994,33.41762907935],[-112.136800893895,33.417832741302597],[-112.136397251591006,33.417908187464803],[-112.136019113719001,33.418050916236901],[-112.135669094749005,33.418123641215097],[-112.135322704024006,33.418260020557703],[-112.134894571063995,33.418315458013502],[-112.134643635207993,33.418389090052997],[-112.134438159132998,33.418403656391199],[-112.134418203783,33.417362723450701],[-112.134344571743,33.416322750928103],[-112.134076348364999,33.414340928579101],[-112.133934526654002,33.413016352216999],[-112.133920013671997,33.412508184431601],[-112.133980893496002,33.412415450747098],[-112.133888159812003,33.4108827304822],[-112.133744523977995,33.408237259360099],[-112.133698157135996,33.406671831529799],[-112.134859996019998,33.406720012494802],[-112.136787287974002,33.406738207078398],[-112.140309087079004,33.406713609708703],[-112.141418156333998,33.406636349423799],[-112.141979093748006,33.406557275016198],[-112.142819992981003,33.406381838678698],[-112.143680900920998,33.406112708238801],[-112.143971800833,33.406096381134397],[-112.150738158408004,33.406071837121303],[-112.150973620863994,33.406050921353497],[-112.150956386697999,33.406014532186198],[-112.151004567662994,33.4035990811525],[-112.151548164198005,33.403717265911602],[-112.152928178015998,33.404202703806497],[-112.153328192074,33.404445476110503],[-112.153710011548,33.4047636412202],[-112.154161834815994,33.404723623807399],[-112.155421796395999,33.404772711833701],[-112.156600015739997,33.405026368873997],[-112.157602745391003,33.405386365519099],[-112.158770026642003,33.405289096527902],[-112.160413621819004,33.405055448193998],[-112.161009080921005,33.405065479225399],[-112.162023655724994,33.405629991528002],[-112.162537265878996,33.405776348545501],[-112.163073659278993,33.405678172492898],[-112.164497265399007,33.405279065496401],[-112.165143626650007,33.405074549839],[-112.165957260686,33.405177261198403],[-112.166926375708996,33.405196362843398],[-112.167222717990001,33.405161841155298],[-112.167552728253995,33.405016337842603],[-112.167353654964998,33.4038190702096],[-112.168443622574998,33.401865473475603],[-112.170131823827006,33.401350902904198],[-112.172370931461998,33.4014400083433],[-112.172583610672007,33.401307257246003],[-112.172662738436003,33.400143657596303],[-112.173070916046001,33.3993963457524],[-112.173190914928,33.399362731125599],[-112.173452735520002,33.399400934415702],[-112.176100020765006,33.399408190906499],[-112.176757266752006,33.3993263419583],[-112.177079113464004,33.399071831213199],[-112.177255456862994,33.399010898032699],[-112.182453612065999,33.395982753731602],[-112.182873634830003,33.395685451033103],[-112.184833634349999,33.394460918202903],[-112.185490933693998,33.394300901908501],[-112.185844527553002,33.394148195461398],[-112.187492711391997,33.394355432302902],[-112.197769983334993,33.394630912172303],[-112.198110931692,33.394509099167898],[-112.198461804367,33.394424529035597],[-112.198709111978005,33.394424529035597],[-112.199171819981999,33.394261791557099],[-112.199407282438997,33.3942418362073],[-112.199928202440006,33.394275450834002],[-112.200418175641005,33.394340012259903],[-112.200646381607001,33.394404520329203],[-112.201460922704996,33.3948490871066],[-112.202648159305994,33.395186353861298],[-112.204457266502004,33.395796379301302],[-112.205037252203994,33.396029974278598],[-112.206682714859994,33.396421824784298],[-112.207043618566004,33.396645442086701],[-112.207145476221001,33.396676388885901],[-112.207292740300005,33.3966863665608],[-112.207588175519007,33.396676388885901],[-112.207983654269995,33.396579066538102],[-112.209040914314997,33.396589097569603],[-112.209506343502994,33.396680924192701],[-112.209887255916001,33.396669986099901],[-112.210110926574998,33.396563646495103],[-112.210394569997007,33.3963500068675],[-112.210511794338004,33.396325462854399],[-112.210889985566993,33.396313617700201],[-112.21127089798,33.396242706844802],[-112.211403649076999,33.396167260682603],[-112.211699084296001,33.3959281699806],[-112.211743637015999,33.395841839082202],[-112.211765459844997,33.395734539059397],[-112.211774530458001,33.395480935375701],[-112.211709115326997,33.395298189190797],[-112.211570921862005,33.395124566976001],[-112.211570921862005,33.395002700615002],[-112.211658159821994,33.394840923554398],[-112.211723628309002,33.394790021405399],[-112.211810012564001,33.394765477392198],[-112.212227260787998,33.394779990373898],[-112.212430922739998,33.394713614825299],[-112.213019979056,33.394631819233702],[-112.213090889911001,33.394597297545602],[-112.213223641008994,33.394464546448297],[-112.213304529539002,33.394429064342397],[-112.213472709385996,33.394429064342397],[-112.213924532654005,33.394627283926901],[-112.213990908202007,33.3946881637508],[-112.214081827764005,33.395026337566797],[-112.214187260307995,33.395193610352102],[-112.214245472304,33.395211804935798],[-112.214466368423004,33.395200013138201],[-112.214762710702999,33.395112721821803],[-112.216128158182997,33.3943672774571],[-112.216366341823004,33.394297273663099],[-112.216924558052995,33.394273636711297],[-112.217088202593004,33.394248185636698],[-112.217332735663007,33.394150916645501],[-112.217849974062005,33.393772725416703],[-112.217983632221006,33.393702721622702],[-112.219247275401997,33.3933427249776],[-112.219399074788001,33.393337282609401],[-112.219590891585995,33.3933427249776],[-112.219642700796996,33.393366361929402],[-112.219788204108994,33.393522749978402],[-112.219957291016996,33.393576373311497],[-112.220109997465002,33.393593660833801],[-112.220739978254002,33.393531820592003],[-112.220938197839004,33.393531820592003],[-112.221440923255997,33.393531820592003],[-112.221639996544994,33.393531820592003],[-112.222183646437003,33.393426388048503],[-112.222452723519993,33.393349074406999],[-112.222597266414994,33.393281791797101],[-112.223669092798005,33.392537254493703],[-112.223805472140995,33.392391804537503],[-112.224031810626997,33.3920636617529],[-112.224067292732997,33.391838176971198],[-112.224054540517997,33.391678160676797],[-112.224758206703001,33.392107254054601],[-112.228884535524003,33.390130927430199],[-112.229160922454,33.390209094776402],[-112.234628208098002,33.3909836184611],[-112.234772750991993,33.390951817957102],[-112.235826382791998,33.390874557672198],[-112.235979996300003,33.3907427136363],[-112.236132702747,33.390690904425902],[-112.236319077177995,33.3907372712682],[-112.23646180595,33.390821841400403],[-112.236857284701003,33.391288177650402],[-112.237024557485995,33.391307279295397],[-112.237042752069996,33.391866349229801],[-112.236969973735,33.398579990532198],[-112.236947297200999,33.408422726729],[-112.237863642597006,33.408407253329401],[-112.237893628978,33.408592720698401],[-112.238157263692997,33.4135736613853],[-112.238317279987996,33.4160836602261],[-112.238629095668003,33.422981808479598],[-112.238508189724996,33.4269063428263],[-112.238265470776994,33.436631801325497],[-112.238262749593005,33.437752715734902],[-112.232449980287001,33.437936368981198],[-112.232483648270005,33.442328199995799],[-112.232530015112005,33.442454548306998],[-112.232659084606993,33.442645458044097],[-112.229736372849999,33.443010897057299],[-112.229688191885003,33.444071838704197],[-112.223739096591999,33.444263655502603],[-112.221119983606002,33.444386375568399],[-112.221120890666995,33.4447818009629],[-112.221174567356996,33.444875441708803],[-112.221156372772995,33.446717256469803],[-112.221162722203005,33.451752727551103],[-112.223880918302996,33.451790930841099],[-112.229352739253002,33.451769108012002],[-112.233679101779998,33.451812753670197],[-112.236863634130003,33.451810886190898],[-112.238349080492,33.451788156300502],[-112.238167294725002,33.458612725871099],[-112.238230895732997,33.460240901004497],[-112.238303620710994,33.460338169995801],[-112.238317279987996,33.460547274316603],[-112.238336381633005,33.461598184932001],[-112.238240926764007,33.464119975570398],[-112.238096383869006,33.465328181296201]]]}},
{"type":"Feature","properties":{"FID":12017,"ObjectID":12702,"ZIP":"85044","PO_NAME":"Phoenix","STATE":"AZ","POP2010":39530,"POP10_SQMI":4538.5,"POP2012":37607,"POP12_SQMI":4322.6,"WHITE":30991,"BLACK":2592,"AMERI_ES":885,"ASIAN":1956,"HAWN_PI":88,"HISPANIC":5574,"OTHER":1567,"MULT_RACE":1451,"MALES":19389,"FEMALES":20141,"AGE_UNDER5":2199,"AGE_5_9":2202,"AGE_10_14":2427,"AGE_15_19":2396,"AGE_20_24":2608,"AGE_25_34":6306,"AGE_35_44":5479,"AGE_45_54":6624,"AGE_55_64":4776,"AGE_65_74":2480,"AGE_75_84":1492,"AGE_85_UP":540,"MED_AGE":37.9,"MED_AGE_M":36.3,"MED_AGE_F":39.6,"HOUSEHOLDS":17611,"AVE_HH_SZ":2.24,"HSEHLD_1_M":2579,"HSEHLD_1_F":3100,"MARHH_CHD":3005,"MARHH_NO_C":4386,"MHH_CHILD":524,"FHH_CHILD":1328,"FAMILIES":10293,"AVE_FAM_SZ":2.85,"HSE_UNITS":19058,"VACANT":1447,"OWNER_OCC":10076,"RENTER_OCC":7535,"SQMI":8.7},"geometry":{"type":"Polygon","coordinates":[[[-111.992263654832001,33.374489988264997],[-111.992249995554999,33.378022725462699],[-111.991558174524002,33.378021818401301],[-111.990889990444003,33.378022725462699],[-111.990231837395001,33.377530884781699],[-111.990107249849999,33.377400908225098],[-111.989918207591998,33.3771036588832],[-111.989865437963999,33.376960930110997],[-111.989732740223005,33.376359975284601],[-111.989681838074006,33.376240883464298],[-111.989586383206003,33.3761099998463],[-111.989502720134993,33.376049973727199],[-111.989307275090994,33.375965456951398],[-111.989189997392998,33.3759390988156],[-111.988949999629995,33.375957293399203],[-111.987340019079994,33.376395457390601],[-111.986921810439,33.376449080723702],[-111.984425470874996,33.3764709035528],[-111.984421842629004,33.376562730175898],[-111.979632718741001,33.376592716557198],[-111.978967255845006,33.376733631206598],[-111.978481817949998,33.376742701820199],[-111.978497291349996,33.376653649737698],[-111.978162745779002,33.376582738882298],[-111.977846341436006,33.376551792083099],[-111.977369067092994,33.3765772965141],[-111.976803647729,33.376696388334501],[-111.976254555470007,33.376693613793798],[-111.975637273538993,33.376639083399397],[-111.975232724174006,33.376636362215301],[-111.97472546345,33.376759989342503],[-111.974432749415001,33.376893647501099],[-111.973580912089005,33.377219976162898],[-111.973359108908994,33.377266343005097],[-111.970789083949001,33.377412753379303],[-111.970229106952999,33.377417288686097],[-111.967806346071995,33.3770336550891],[-111.967811841797001,33.373616381466398],[-111.967852712915004,33.372859999008803],[-111.967890009143005,33.370700019138198],[-111.968050932498997,33.368268187643601],[-111.968211802498004,33.366698171149999],[-111.968419999757998,33.365104571061202],[-111.968684541534003,33.363492723032103],[-111.969158187632004,33.361141833424298],[-111.970659107393004,33.355291821245601],[-111.971070006187006,33.353520917339999],[-111.971401830573001,33.351716345451202],[-111.971654527195994,33.350047299200099],[-111.971760920156996,33.3491981830581],[-111.971999103797998,33.346696347769502],[-111.972087248818994,33.3450163634256],[-111.972129987415997,33.343335472020399],[-111.972128173293001,33.341726345175402],[-111.972076364082994,33.3398663891873],[-111.972048191824001,33.335238188654699],[-111.972064518927994,33.3289781847432],[-111.972057262438,33.328253656146302],[-111.972007267349994,33.327656382921802],[-111.972016337962998,33.325705454015399],[-111.972088155880002,33.323652720810898],[-111.972104536341007,33.319915467955802],[-111.972047284762994,33.305449973594499],[-111.973305432220002,33.305442717103702],[-111.975840935490993,33.305352704603301],[-111.978086339198995,33.305342726928401],[-111.980346362602006,33.3053645497574],[-111.980866375540998,33.305346355173803],[-111.997330926417007,33.305272723134301],[-111.998397257075993,33.305291824779303],[-112.010609984525004,33.305290010656599],[-112.010619108495007,33.305375434493698],[-112.010653630183995,33.305431832367397],[-112.011000927970002,33.305461818748697],[-112.011199094198005,33.305508185590902],[-112.011579099548996,33.305639976270299],[-112.011992719527001,33.305817280086998],[-112.012652740055003,33.3061927501317],[-112.013254548586005,33.306706360285297],[-112.013521811546994,33.306677280965303],[-112.013595443585999,33.307087272698098],[-112.013698208302003,33.307357256842799],[-112.013187265976001,33.3076036573922],[-112.013049072510995,33.307636364957602],[-112.012957299243993,33.307739076316999],[-112.012755451413994,33.308049077874401],[-112.013010922576996,33.308161820265298],[-112.016417258106998,33.310457272417203],[-112.016116380520003,33.310509988688999],[-112.015939076703006,33.310645460970299],[-112.015872701155004,33.310758203361097],[-112.015853652865999,33.310842720136897],[-112.015846343019007,33.3112372918266],[-112.015482718127998,33.311248176562898],[-112.015461802359994,33.312167296498899],[-112.015498191527996,33.312498160467499],[-112.016037252756007,33.313255449986499],[-112.016028182141994,33.313403621126703],[-112.015933634334999,33.313533651039897],[-112.015183654663005,33.314127296018903],[-112.014306366263,33.3146954365669],[-112.014699977535003,33.315260909287304],[-112.015089106855996,33.3150572473347],[-112.017037261222001,33.317987268939802],[-112.016860010762002,33.317896349378003],[-112.016460903764994,33.317593657667999],[-112.016407280432006,33.317526375058002],[-112.016328206024994,33.317321806043999],[-112.016287281551001,33.317268182710897],[-112.016201804356996,33.317232700604897],[-112.016070920738997,33.317242731636398],[-112.015180933479002,33.317428199005398],[-112.014610925452004,33.317480915277102],[-112.014493647755003,33.317532724487499],[-112.014370927689001,33.3176481880624],[-112.014120898894006,33.317960003742598],[-112.014300016833005,33.318060900979198],[-112.014683650430001,33.3183354737873],[-112.014556341700995,33.319332707713002],[-112.014681836308,33.319358158787601],[-112.014780919421995,33.319411835477197],[-112.014889073149007,33.319523617450102],[-112.014924555255007,33.319708177757697],[-112.014924555255007,33.319962741859399],[-112.015373657338998,33.319933662539498],[-112.016042748480004,33.319822734271298],[-112.015862723479998,33.323233658464503],[-112.015489067557994,33.3232900029817],[-112.014717265057001,33.323280025306801],[-112.014549085210007,33.323267273091297],[-112.014308180385996,33.323145460086799],[-112.013870923455997,33.334637287184897],[-112.013836348411004,33.336091840103499],[-112.013850914749,33.337549114206297],[-112.013778189771003,33.338426349250298],[-112.013842751197004,33.339116356159302],[-112.013510019749006,33.339671797848197],[-112.013239075187002,33.3405591172803],[-112.013570899572997,33.341308189890398],[-112.013601793015994,33.341426374649402],[-112.013188173038003,33.341352742609999],[-112.012637266655005,33.341493657259399],[-112.012010914111002,33.341453639846698],[-112.011806345097,33.341369069714403],[-112.011210885994998,33.341277296447799],[-112.010158161256996,33.341171810547799],[-112.009172719128998,33.341160018750202],[-112.008711825247005,33.341091829078799],[-112.006897275683002,33.341163646995597],[-112.002315441993005,33.341121815460099],[-112.001728199799999,33.3412063855924],[-112.001424547672002,33.341186376886],[-112.000390017518001,33.341355463794102],[-111.999356341067994,33.3412208985741],[-111.998047291462001,33.341171810547799],[-111.997076362315994,33.341449104539898],[-111.997091835714997,33.3424718428967],[-111.996890894947001,33.3447345341268],[-111.996705480933997,33.345888156101601],[-111.996556349375993,33.347672719283999],[-111.996712737425,33.348511804394597],[-111.996824519398004,33.350309066436097],[-111.996938168849994,33.350582732182701],[-111.996909089530007,33.351439104815597],[-111.996763639573999,33.352301826877998],[-111.993631823496003,33.353052713610801],[-111.993387290426,33.353503629817702],[-111.994129106545003,33.353583611286702],[-111.994876365031999,33.353458170036802],[-111.994570898782001,33.355219096267497],[-111.992697283517003,33.3553218076269],[-111.991252708272995,33.355489987473597],[-111.991192735509998,33.3564218062686],[-111.990067285793998,33.3562863873439],[-111.989379093007997,33.356288201466597],[-111.988806363796996,33.356369089996903],[-111.988726382327997,33.356569070347597],[-111.988778191538003,33.357141799558804],[-111.987909973751002,33.3570291105245],[-111.987569985812002,33.357201825677897],[-111.987625476624999,33.357880894494102],[-111.986659082784996,33.358019995020797],[-111.986539083902997,33.358561830789498],[-111.984078173089003,33.359329097983299],[-111.984163650281999,33.3611954567574],[-111.983071815193,33.361330929038701],[-111.983024541288998,33.361534537634803],[-111.982800923987,33.361821809301802],[-111.982331813195998,33.362187248315003],[-111.982176385564998,33.3622499956182],[-111.981940923107999,33.3622745396314],[-111.980880888523004,33.363700013230101],[-111.980019980582995,33.364101841410701],[-111.979406380254005,33.364130013669303],[-111.978749987971995,33.3642527337351],[-111.978482725012,33.364249105489598],[-111.976806368913003,33.364089996256503],[-111.976514561938998,33.365490925842103],[-111.976520911368993,33.365727295360102],[-111.976392748934998,33.368016344726001],[-111.976253648408004,33.369240930912802],[-111.976986340557005,33.371230009752701],[-111.977268169856004,33.371542732494198],[-111.979477291110001,33.371290889576599],[-111.980666341833995,33.371046356506398],[-111.980921812996996,33.371161820081397],[-111.985469071642996,33.370660908786803],[-111.986281798617,33.374519067584998],[-111.986535455658,33.374846356664698],[-111.986101826972998,33.375109991379901],[-111.986719108903998,33.375043615831302],[-111.989106387679001,33.3749145463361],[-111.989154568643997,33.374768189318502],[-111.989038198008004,33.373982727540998],[-111.990119095004005,33.373884551488402],[-111.990320889477999,33.374655446927598],[-111.992263654832001,33.374489988264997]]]}},
{"type":"Feature","properties":{"FID":12033,"ObjectID":12703,"ZIP":"85045","PO_NAME":"Phoenix","STATE":"AZ","POP2010":6804,"POP10_SQMI":1771.9,"POP2012":6514,"POP12_SQMI":1714.2,"WHITE":5562,"BLACK":267,"AMERI_ES":44,"ASIAN":571,"HAWN_PI":0,"HISPANIC":633,"OTHER":142,"MULT_RACE":217,"MALES":3319,"FEMALES":3485,"AGE_UNDER5":444,"AGE_5_9":606,"AGE_10_14":651,"AGE_15_19":528,"AGE_20_24":233,"AGE_25_34":521,"AGE_35_44":1326,"AGE_45_54":1434,"AGE_55_64":696,"AGE_65_74":253,"AGE_75_84":90,"AGE_85_UP":20,"MED_AGE":38.6,"MED_AGE_M":39.1,"MED_AGE_F":38.2,"HOUSEHOLDS":2331,"AVE_HH_SZ":2.92,"HSEHLD_1_M":147,"HSEHLD_1_F":152,"MARHH_CHD":916,"MARHH_NO_C":733,"MHH_CHILD":62,"FHH_CHILD":148,"FAMILIES":1937,"AVE_FAM_SZ":3.21,"HSE_UNITS":2518,"VACANT":187,"OWNER_OCC":2034,"RENTER_OCC":298,"SQMI":3.8},"geometry":{"type":"Polygon","coordinates":[[[-112.147911808580005,33.304657255326198],[-112.136472751110006,33.304799077037003],[-112.135255474771,33.304842722695199],[-112.133664542508996,33.304799984098402],[-112.124468167562995,33.304956372147402],[-112.119589991591994,33.304945434054602],[-112.102773660980006,33.304490889602299],[-112.100387289265996,33.305059083506798],[-112.096554528186005,33.304923611225497],[-112.095063639456995,33.304819992804703],[-112.093876349498998,33.304799077037003],[-112.092589976425998,33.304954558024697],[-112.092516344386993,33.305097286796801],[-112.092346350417998,33.305181803572502],[-112.091873611381999,33.306327261995101],[-112.090496372103999,33.305172732959001],[-112.090444562894007,33.304800891159701],[-112.090459982937006,33.304508177124603],[-112.087289109864003,33.3045963755023],[-112.086219097603006,33.3047463607653],[-112.084238182316,33.3050572693841],[-112.082061821983999,33.305818187148397],[-112.082822739747996,33.307536374782302],[-112.083473636305996,33.308929994520497],[-112.083551803652,33.309870883929101],[-112.083176386963999,33.311618204239402],[-112.083130927183007,33.3136727515666],[-112.083347287994997,33.315859089573102],[-112.080336377858998,33.3156554809771],[-112.077926369194003,33.315282732116401],[-112.076347282086999,33.315329098958699],[-112.076348189148007,33.315627255361903],[-112.076200925069003,33.315488208191802],[-112.075966369674006,33.315327284836002],[-112.075887295266,33.315345479419598],[-112.075810888685993,33.315299112577399],[-112.075810888685993,33.315221798935902],[-112.075853627282996,33.315193626677399],[-112.075750915924004,33.314763626238197],[-112.075679098007001,33.314049075316099],[-112.075626381735006,33.313921819943602],[-112.075559099125002,33.313849094965498],[-112.075469086625006,33.313783626478198],[-112.074768194979995,33.313502704240697],[-112.074657266711,33.313483655952197],[-112.074407291273005,33.313521805885699],[-112.074150913048996,33.313640897706101],[-112.073706346270995,33.312997257639402],[-112.068716388327005,33.315867253125298],[-112.070923642102002,33.311650004743399],[-112.073567299101001,33.307901813795503],[-112.074849083510003,33.306224550635697],[-112.075076382413997,33.306248187587499],[-112.075205451909994,33.306220922390303],[-112.075376352939998,33.306128188705799],[-112.075535462172994,33.3059963446699],[-112.075876357173001,33.305582724691803],[-112.076509112503999,33.305181803572502],[-112.076666354257995,33.305039981861803],[-112.076967285202002,33.304649998835401],[-112.075897272941006,33.304168189185802],[-112.076412750573994,33.303220896991199],[-112.076588186910996,33.302935439446898],[-112.076780003709999,33.302710915083097],[-112.077132743863999,33.302409077077897],[-112.077909988732998,33.301932709796503],[-112.077571814916993,33.301516368634204],[-112.078331825619998,33.300990006265202],[-112.078660928822003,33.300712712273103],[-112.079300887287005,33.300080010299197],[-112.079747268187006,33.2995709354525],[-112.079878205162004,33.299356388763599],[-112.079961814876,33.299116337643603],[-112.079996389921007,33.298910007863398],[-112.080006367595999,33.297757292950003],[-112.080626370709993,33.297777248299802],[-112.080698188626997,33.297265452269002],[-112.080836382092997,33.296831823584398],[-112.081282709636,33.295767253692198],[-112.081593618254999,33.295128202288801],[-112.081995446435002,33.294370912769899],[-112.082610914244,33.2933818423964],[-112.082883619572002,33.293116340201898],[-112.083154564135,33.292916359851198],[-112.082889115296993,33.292590884894203],[-112.082750014769999,33.292519974038797],[-112.080765471237001,33.292583628403399],[-112.080112707200001,33.292539075683798],[-112.080016345269996,33.291079080396997],[-112.094944547636004,33.291050908138502],[-112.095270022592999,33.290880007107702],[-112.098880020075995,33.2908818212304],[-112.100891828805999,33.2908563701559],[-112.104454552384993,33.290917249979898],[-112.116862724878999,33.290843617940403],[-112.117109072071003,33.290861812524099],[-112.117187292774005,33.290892705966698],[-112.117293632379003,33.291006355418901],[-112.117302702993001,33.291136385332102],[-112.117275437795001,33.291179977633703],[-112.117451834551005,33.2911927298493],[-112.117631806195007,33.290976369037601],[-112.117579996985,33.290813631559097],[-112.118397259266004,33.290726340242699],[-112.122509982165994,33.290697260922798],[-112.124963636489994,33.290711827261099],[-112.127757278752,33.290663646296103],[-112.130696370970995,33.2906454517124],[-112.131035451848007,33.290656389805299],[-112.132340926565007,33.290791808729999],[-112.133106379636004,33.290813631559097],[-112.133273652422005,33.290791808729999],[-112.133404536040004,33.290733650090097],[-112.133484570864994,33.290663646296103],[-112.133529070227993,33.290409989255799],[-112.133595445777004,33.290330007786899],[-112.133672706062001,33.290301835528297],[-112.134361805908995,33.290386352303997],[-112.135311819288006,33.290439068575701],[-112.135328199748997,33.291715463972899],[-112.138896365695999,33.295667263516798],[-112.140928183132999,33.298010896633798],[-112.143219099977998,33.3002990922949],[-112.147911808580005,33.304657255326198]]]}},
{"type":"Feature","properties":{"FID":12039,"ObjectID":12704,"ZIP":"85048","PO_NAME":"Phoenix","STATE":"AZ","POP2010":32334,"POP10_SQMI":935.9,"POP2012":35292,"POP12_SQMI":1020.0,"WHITE":26246,"BLACK":1435,"AMERI_ES":327,"ASIAN":2264,"HAWN_PI":63,"HISPANIC":3628,"OTHER":852,"MULT_RACE":1148,"MALES":15880,"FEMALES":16454,"AGE_UNDER5":1570,"AGE_5_9":2241,"AGE_10_14":2877,"AGE_15_19":2952,"AGE_20_24":1659,"AGE_25_34":3153,"AGE_35_44":4973,"AGE_45_54":7137,"AGE_55_64":3650,"AGE_65_74":1381,"AGE_75_84":573,"AGE_85_UP":166,"MED_AGE":39.0,"MED_AGE_M":38.4,"MED_AGE_F":39.4,"HOUSEHOLDS":12059,"AVE_HH_SZ":2.68,"HSEHLD_1_M":1168,"HSEHLD_1_F":1295,"MARHH_CHD":3664,"MARHH_NO_C":3438,"MHH_CHILD":339,"FHH_CHILD":923,"FAMILIES":8877,"AVE_FAM_SZ":3.12,"HSE_UNITS":12911,"VACANT":852,"OWNER_OCC":8978,"RENTER_OCC":3080,"SQMI":34.6},"geometry":{"type":"Polygon","coordinates":[[[-111.992263654832001,33.374489988264997],[-111.990320889477999,33.374655446927598],[-111.990119095004005,33.373884551488402],[-111.989038198008004,33.373982727540998],[-111.989154568643997,33.374768189318502],[-111.989106387679001,33.3749145463361],[-111.986719108903998,33.375043615831302],[-111.986101826972998,33.375109991379901],[-111.986535455658,33.374846356664698],[-111.986281798617,33.374519067584998],[-111.985469071642996,33.370660908786803],[-111.980921812996996,33.371161820081397],[-111.980666341833995,33.371046356506398],[-111.979477291110001,33.371290889576599],[-111.977268169856004,33.371542732494198],[-111.976986340557005,33.371230009752701],[-111.976253648408004,33.369240930912802],[-111.976392748934998,33.368016344726001],[-111.976520911368993,33.365727295360102],[-111.976514561938998,33.365490925842103],[-111.976806368913003,33.364089996256503],[-111.978482725012,33.364249105489598],[-111.978749987971995,33.3642527337351],[-111.979406380254005,33.364130013669303],[-111.980019980582995,33.364101841410701],[-111.980880888523004,33.363700013230101],[-111.981940923107999,33.3622745396314],[-111.982176385564998,33.3622499956182],[-111.982331813195998,33.362187248315003],[-111.982800923987,33.361821809301802],[-111.983024541288998,33.361534537634803],[-111.983071815193,33.361330929038701],[-111.984163650281999,33.3611954567574],[-111.984078173089003,33.359329097983299],[-111.986539083902997,33.358561830789498],[-111.986659082784996,33.358019995020797],[-111.987625476624999,33.357880894494102],[-111.987569985812002,33.357201825677897],[-111.987909973751002,33.3570291105245],[-111.988778191538003,33.357141799558804],[-111.988726382327997,33.356569070347597],[-111.988806363796996,33.356369089996903],[-111.989379093007997,33.356288201466597],[-111.990067285793998,33.3562863873439],[-111.991192735509998,33.3564218062686],[-111.991252708272995,33.355489987473597],[-111.992697283517003,33.3553218076269],[-111.994570898782001,33.355219096267497],[-111.994876365031999,33.353458170036802],[-111.994129106545003,33.353583611286702],[-111.993387290426,33.353503629817702],[-111.993631823496003,33.353052713610801],[-111.996763639573999,33.352301826877998],[-111.996909089530007,33.351439104815597],[-111.996938168849994,33.350582732182701],[-111.996824519398004,33.350309066436097],[-111.996712737425,33.348511804394597],[-111.996556349375993,33.347672719283999],[-111.996705480933997,33.345888156101601],[-111.996890894947001,33.3447345341268],[-111.997091835714997,33.3424718428967],[-111.997076362315994,33.341449104539898],[-111.998047291462001,33.341171810547799],[-111.999356341067994,33.3412208985741],[-112.000390017518001,33.341355463794102],[-112.001424547672002,33.341186376886],[-112.001728199799999,33.3412063855924],[-112.002315441993005,33.341121815460099],[-112.006897275683002,33.341163646995597],[-112.008711825247005,33.341091829078799],[-112.009172719128998,33.341160018750202],[-112.010158161256996,33.341171810547799],[-112.011210885994998,33.341277296447799],[-112.011806345097,33.341369069714403],[-112.012010914111002,33.341453639846698],[-112.012637266655005,33.341493657259399],[-112.013188173038003,33.341352742609999],[-112.013601793015994,33.341426374649402],[-112.013570899572997,33.341308189890398],[-112.013239075187002,33.3405591172803],[-112.013510019749006,33.339671797848197],[-112.013842751197004,33.339116356159302],[-112.013778189771003,33.338426349250298],[-112.013850914749,33.337549114206297],[-112.013836348411004,33.336091840103499],[-112.013870923455997,33.334637287184897],[-112.014308180385996,33.323145460086799],[-112.014549085210007,33.323267273091297],[-112.014717265057001,33.323280025306801],[-112.015489067557994,33.3232900029817],[-112.015862723479998,33.323233658464503],[-112.016042748480004,33.319822734271298],[-112.015373657338998,33.319933662539498],[-112.014924555255007,33.319962741859399],[-112.014924555255007,33.319708177757697],[-112.014889073149007,33.319523617450102],[-112.014780919421995,33.319411835477197],[-112.014681836308,33.319358158787601],[-112.014556341700995,33.319332707713002],[-112.014683650430001,33.3183354737873],[-112.014300016833005,33.318060900979198],[-112.014120898894006,33.317960003742598],[-112.014370927689001,33.3176481880624],[-112.014493647755003,33.317532724487499],[-112.014610925452004,33.317480915277102],[-112.015180933479002,33.317428199005398],[-112.016070920738997,33.317242731636398],[-112.016201804356996,33.317232700604897],[-112.016287281551001,33.317268182710897],[-112.016328206024994,33.317321806043999],[-112.016407280432006,33.317526375058002],[-112.016460903764994,33.317593657667999],[-112.016860010762002,33.317896349378003],[-112.017037261222001,33.317987268939802],[-112.015089106855996,33.3150572473347],[-112.014699977535003,33.315260909287304],[-112.014306366263,33.3146954365669],[-112.015183654663005,33.314127296018903],[-112.015933634334999,33.313533651039897],[-112.016028182141994,33.313403621126703],[-112.016037252756007,33.313255449986499],[-112.015498191527996,33.312498160467499],[-112.015461802359994,33.312167296498899],[-112.015482718127998,33.311248176562898],[-112.015846343019007,33.3112372918266],[-112.015853652865999,33.310842720136897],[-112.015872701155004,33.310758203361097],[-112.015939076703006,33.310645460970299],[-112.016116380520003,33.310509988688999],[-112.016417258106998,33.310457272417203],[-112.013010922576996,33.308161820265298],[-112.012755451413994,33.308049077874401],[-112.012957299243993,33.307739076316999],[-112.013049072510995,33.307636364957602],[-112.013187265976001,33.3076036573922],[-112.013698208302003,33.307357256842799],[-112.013595443585999,33.307087272698098],[-112.013521811546994,33.306677280965303],[-112.013254548586005,33.306706360285297],[-112.012652740055003,33.3061927501317],[-112.011992719527001,33.305817280086998],[-112.011579099548996,33.305639976270299],[-112.011199094198005,33.305508185590902],[-112.011000927970002,33.305461818748697],[-112.010653630183995,33.305431832367397],[-112.010619108495007,33.305375434493698],[-112.010609984525004,33.305290010656599],[-111.998397257075993,33.305291824779303],[-111.997330926417007,33.305272723134301],[-111.980866375540998,33.305346355173803],[-111.980346362602006,33.3053645497574],[-111.978086339198995,33.305342726928401],[-111.975840935490993,33.305352704603301],[-111.973305432220002,33.305442717103702],[-111.972047284762994,33.305449973594499],[-111.972042749455994,33.304400930458399],[-111.971900927744997,33.3016236153004],[-111.971888175529998,33.300795468282601],[-111.971892710836002,33.294312700773503],[-111.971876383731995,33.293401797746199],[-111.971800884212996,33.292272719784499],[-111.971728159234999,33.2917100216047],[-111.971577266910998,33.290833640265497],[-111.972068200530003,33.2907254331814],[-111.975984571325,33.290719083751902],[-111.978423659309996,33.290685469125201],[-111.978991799857994,33.291003634234897],[-111.980387287075999,33.2910727309675],[-111.980439096286005,33.291093646735298],[-111.983749976948005,33.291075452151603],[-111.987552751646007,33.291707247064103],[-111.988196338357,33.291740915047399],[-111.988861801252,33.291646367240197],[-111.989402729960005,33.291611792195503],[-111.995913616370999,33.291589115661701],[-112.000580020192999,33.291550005310299],[-112.012233624352007,33.291170907020202],[-112.014367299442995,33.291164557590697],[-112.014602708542995,33.291147270068301],[-112.015970930563995,33.291161836406602],[-112.055145469888998,33.291130889607402],[-112.080016345269996,33.291079080396997],[-112.080112707200001,33.292539075683798],[-112.080765471237001,33.292583628403399],[-112.082750014769999,33.292519974038797],[-112.082889115296993,33.292590884894203],[-112.083154564135,33.292916359851198],[-112.082883619572002,33.293116340201898],[-112.082610914244,33.2933818423964],[-112.081995446435002,33.294370912769899],[-112.081593618254999,33.295128202288801],[-112.081282709636,33.295767253692198],[-112.080836382092997,33.296831823584398],[-112.080698188626997,33.297265452269002],[-112.080626370709993,33.297777248299802],[-112.080006367595999,33.297757292950003],[-112.079996389921007,33.298910007863398],[-112.079961814876,33.299116337643603],[-112.079878205162004,33.299356388763599],[-112.079747268187006,33.2995709354525],[-112.079300887287005,33.300080010299197],[-112.078660928822003,33.300712712273103],[-112.078331825619998,33.300990006265202],[-112.077571814916993,33.301516368634204],[-112.077909988732998,33.301932709796503],[-112.077132743863999,33.302409077077897],[-112.076780003709999,33.302710915083097],[-112.076588186910996,33.302935439446898],[-112.076412750573994,33.303220896991199],[-112.075897272941006,33.304168189185802],[-112.076967285202002,33.304649998835401],[-112.076666354257995,33.305039981861803],[-112.076509112503999,33.305181803572502],[-112.075876357173001,33.305582724691803],[-112.075535462172994,33.3059963446699],[-112.075376352939998,33.306128188705799],[-112.075205451909994,33.306220922390303],[-112.075076382413997,33.306248187587499],[-112.074849083510003,33.306224550635697],[-112.073567299101001,33.307901813795503],[-112.070923642102002,33.311650004743399],[-112.068716388327005,33.315867253125298],[-112.073706346270995,33.312997257639402],[-112.074150913048996,33.313640897706101],[-112.074407291273005,33.313521805885699],[-112.074657266711,33.313483655952197],[-112.074768194979995,33.313502704240697],[-112.075469086625006,33.313783626478198],[-112.075559099125002,33.313849094965498],[-112.075626381735006,33.313921819943602],[-112.075679098007001,33.314049075316099],[-112.075750915924004,33.314763626238197],[-112.075853627282996,33.315193626677399],[-112.075810888685993,33.315221798935902],[-112.075810888685993,33.315299112577399],[-112.075887295266,33.315345479419598],[-112.075966369674006,33.315327284836002],[-112.076200925069003,33.315488208191802],[-112.076348189148007,33.315627255361903],[-112.076347282086999,33.315329098958699],[-112.077926369194003,33.315282732116401],[-112.080336377858998,33.3156554809771],[-112.083347287994997,33.315859089573102],[-112.083130927183007,33.3136727515666],[-112.083176386963999,33.311618204239402],[-112.083551803652,33.309870883929101],[-112.083473636305996,33.308929994520497],[-112.082822739747996,33.307536374782302],[-112.082061821983999,33.305818187148397],[-112.084238182316,33.3050572693841],[-112.086219097603006,33.3047463607653],[-112.087289109864003,33.3045963755023],[-112.090459982937006,33.304508177124603],[-112.090444562894007,33.304800891159701],[-112.090496372103999,33.305172732959001],[-112.091873611381999,33.306327261995101],[-112.092346350417998,33.305181803572502],[-112.092516344386993,33.305097286796801],[-112.092589976425998,33.304954558024697],[-112.093876349498998,33.304799077037003],[-112.095063639456995,33.304819992804703],[-112.096554528186005,33.304923611225497],[-112.100387289265996,33.305059083506798],[-112.102773660980006,33.304490889602299],[-112.119589991591994,33.304945434054602],[-112.124468167562995,33.304956372147402],[-112.133664542508996,33.304799984098402],[-112.135255474771,33.304842722695199],[-112.136472751110006,33.304799077037003],[-112.147911808580005,33.304657255326198],[-112.149505462025004,33.306103644692698],[-112.151558195229995,33.308065458335399],[-112.151446359900007,33.309310906933298],[-112.151447266961,33.312720924065196],[-112.151695428276994,33.313738166697298],[-112.151836342926003,33.315849111898203],[-112.151800914177002,33.316286368828202],[-112.151401807181003,33.316920884924798],[-112.152726383542998,33.319170930652398],[-112.152948186722,33.3194600164421],[-112.155340907866005,33.319686354928599],[-112.158399998966004,33.320119076551897],[-112.158869109755997,33.320655469952399],[-112.159017280897004,33.320717256837703],[-112.160376378947007,33.320890932409],[-112.161846351909006,33.321439064250598],[-112.165238174457002,33.323261830723098],[-112.165760001519004,33.3234854480256],[-112.165539105400995,33.325338200879401],[-112.161798170943996,33.327875464917497],[-112.160630889692001,33.328106338710803],[-112.160475462061001,33.328113648558201],[-112.159060019494007,33.327781824171602],[-112.159167266159997,33.3272009314082],[-112.157719116026996,33.326959973226799],[-112.155841819160003,33.3265681760777],[-112.153786364772003,33.3266481575467],[-112.154747262887,33.327967291540602],[-112.154083614113006,33.328306372417998],[-112.153939071219,33.3285108880754],[-112.150364555842003,33.331310026062503],[-112.149781795598997,33.331908206348302],[-112.148684571497995,33.333327277160997],[-112.148719093186003,33.333876369420501],[-112.147417246714994,33.333864524266403],[-112.145937296078003,33.333762719968298],[-112.145749107525006,33.333872741175099],[-112.145180913619996,33.334552717052603],[-112.144441818684996,33.335139105540698],[-112.14374092704,33.335248166329599],[-112.142577274033997,33.334990934400501],[-112.142273621906,33.334219078543299],[-112.142116380152004,33.333689994990202],[-112.140733645149993,33.333730919464301],[-112.138907250431998,33.335851842340098],[-112.137989997974998,33.338155458044298],[-112.135441795844002,33.339267248483601],[-112.135486348564001,33.341131793134998],[-112.135127258980006,33.341340897455801],[-112.134968203103995,33.341287274122699],[-112.133268156697,33.341438166447098],[-112.126990918619995,33.341446383355802],[-112.120809989115997,33.341079076863302],[-112.120582743567994,33.341264544232303],[-112.120521810387004,33.340261814581901],[-112.119413648193998,33.342239101624102],[-112.118865462995004,33.342099094036101],[-112.118861834750007,33.342990895418403],[-112.118759070034002,33.343814560485903],[-112.117994524023999,33.344343644039],[-112.100558190296994,33.344990912351101],[-112.100538181591006,33.348281837662697],[-112.100496350054996,33.348640020185002],[-112.097679070840996,33.3485909321587],[-112.095858171847993,33.349160886829402],[-112.094923631867999,33.349164568431398],[-112.094170931012997,33.349055454286002],[-112.093604551230996,33.348933641281498],[-112.092348164539999,33.348409093035201],[-112.091624543004997,33.347306373209399],[-112.091590928377997,33.347302744963997],[-112.091600906053003,33.347332731345297],[-112.091513614736996,33.347451823165599],[-112.091260918114003,33.3475918307537],[-112.090989973551999,33.347701798604],[-112.090927279604998,33.347776337704801],[-112.090862718178997,33.347811819810801],[-112.090790900261993,33.347820890424302],[-112.090708197609004,33.347769081213897],[-112.090628162784,33.347660927486402],[-112.090436345984998,33.3473454302043],[-112.090444562894007,33.347329103099902],[-112.090147260196005,33.3474608937792],[-112.089813621686005,33.347481809546899],[-112.089696343989004,33.347453637288403],[-112.088992731158996,33.347057251475903],[-112.088915470874994,33.346922739612502],[-112.088928169734004,33.346796337944802],[-112.089109101795998,33.346598171716799],[-112.088759989886995,33.3462563696554],[-112.088608190501006,33.346181830554599],[-112.088420001947995,33.346157286541398],[-112.086786384446995,33.3462563696554],[-112.086559085542007,33.346273657177697],[-112.086297264950005,33.346332722878898],[-112.085989984576003,33.346482708141899],[-112.085606350979006,33.346746342857102],[-112.085247261396006,33.346956354239197],[-112.084893614180004,33.347038203187502],[-112.084694540890993,33.347023636849201],[-112.084599993083998,33.346986340620496],[-112.084429999113993,33.347152706344502],[-112.084292712709995,33.3474563584724],[-112.084239089376993,33.3475163845916],[-112.083906357928996,33.347703612726697],[-112.083028162467002,33.348292722398902],[-112.082883619572002,33.348343624548001],[-112.082145431697995,33.348471840338398],[-112.081948172531995,33.348537255469097],[-112.081739068210993,33.348647276675898],[-112.081193657553996,33.348995428166802],[-112.080448159832002,33.3495345427514],[-112.079676357332005,33.349992715449098],[-112.079421793229997,33.350206355076701],[-112.078535434215993,33.351080015231901],[-112.077412705683997,33.352100886109397],[-112.076209088620999,33.352991833786902],[-112.075879985418993,33.353208194598501],[-112.075490909454004,33.353409989071899],[-112.074715478708001,33.353631792251598],[-112.074270004869007,33.353791808546099],[-112.072970025876998,33.3543227062219],[-112.072124537980002,33.354620915981698],[-112.071960893439993,33.354732751311197],[-112.071799116380006,33.354867263174597],[-112.071736369076007,33.354989076179002],[-112.071690909295995,33.355178171793398],[-112.071719988615001,33.355263648987098],[-112.072217271664996,33.356080911268499],[-112.070876368198,33.356108176465803],[-112.068218198216996,33.354607256704803],[-112.067202716351005,33.354623637165801],[-112.065959988936996,33.3547600165085],[-112.066007262840998,33.356039079733101],[-112.065503630362002,33.355897258022303],[-112.063568174855007,33.355871806947803],[-112.058880001559999,33.35554819947],[-112.057626389410004,33.356218197672597],[-112.051003614313004,33.359319066951798],[-112.048837285012993,33.362008183732101],[-112.048079995494007,33.361760022416497],[-112.047112747949001,33.362352706977603],[-112.045880905272,33.362489086320302],[-112.045259995094995,33.362301804828597],[-112.035934550654005,33.362066342372003],[-112.031613630495002,33.3667627325759],[-112.031582737052005,33.366726343408601],[-112.031519082688007,33.366704520579503],[-112.030870000253003,33.366611840251601],[-112.028456363342002,33.366317258737197],[-112.028371793209999,33.366057252267403],[-112.028291811740999,33.3659590762148],[-112.028226343254005,33.365916337618003],[-112.028120910710001,33.365900917574898],[-112.027791807507995,33.365962704460202],[-112.028058163406996,33.365556340972802],[-112.027726339020006,33.365349104131298],[-112.027209100620993,33.365280007398603],[-112.027502721717994,33.3644981738666],[-112.025361843492007,33.364580929876198],[-112.024551837702006,33.366508168474297],[-112.023983643796996,33.367312731896803],[-112.023890910112996,33.367653626896796],[-112.021996379079994,33.3684190799679],[-112.021832734539998,33.368299988147598],[-112.021677253551999,33.368225449046797],[-112.021530896534998,33.3681627017436],[-112.021457264494998,33.368161794682202],[-112.021382725394005,33.368223634924099],[-112.021120904802004,33.368723639157302],[-112.019682732343995,33.369311841768202],[-112.019703648111999,33.369039083082797],[-112.019685453527998,33.368822722271197],[-112.019616356796007,33.368692745714597],[-112.019423632935997,33.368509999529699],[-112.018614534207003,33.3691727412414],[-112.018336386510001,33.3694336547726],[-112.018235435915997,33.369750912820898],[-112.018410925609999,33.3698045361539],[-112.016186384313997,33.370686359861303],[-112.014112735341996,33.3713509156957],[-112.014158195123002,33.370500892492402],[-112.009959995029007,33.370553662120599],[-112.009205480050994,33.371200930432799],[-112.004207251842004,33.371409074335602],[-112.003382733069003,33.372459077889602],[-112.002271796334995,33.372447286091997],[-112.001174518876994,33.372966338613701],[-112.000307261507999,33.372909087035197],[-111.999542715497995,33.372029984511897],[-111.999027291222006,33.373220902715303],[-111.997932734949003,33.373636390172798],[-111.996890894947001,33.374072740041399],[-111.996057252203997,33.374466351313202],[-111.993207265424999,33.374289100852998],[-111.992263654832001,33.374489988264997]]]}},
{"type":"Feature","properties":{"FID":12241,"ObjectID":12622,"ZIP":"85086","PO_NAME":"Phoenix","STATE":"AZ","POP2010":39990,"POP10_SQMI":740.7,"POP2012":39252,"POP12_SQMI":722.9,"WHITE":35833,"BLACK":792,"AMERI_ES":331,"ASIAN":918,"HAWN_PI":56,"HISPANIC":3753,"OTHER":988,"MULT_RACE":1073,"MALES":20082,"FEMALES":19908,"AGE_UNDER5":2740,"AGE_5_9":3621,"AGE_10_14":3611,"AGE_15_19":2650,"AGE_20_24":1318,"AGE_25_34":4214,"AGE_35_44":7304,"AGE_45_54":6058,"AGE_55_64":4649,"AGE_65_74":2800,"AGE_75_84":815,"AGE_85_UP":214,"MED_AGE":37.7,"MED_AGE_M":37.3,"MED_AGE_F":38.0,"HOUSEHOLDS":13686,"AVE_HH_SZ":2.86,"HSEHLD_1_M":1007,"HSEHLD_1_F":1153,"MARHH_CHD":4648,"MARHH_NO_C":4389,"MHH_CHILD":455,"FHH_CHILD":835,"FAMILIES":10803,"AVE_FAM_SZ":3.21,"HSE_UNITS":15860,"VACANT":2174,"OWNER_OCC":10865,"RENTER_OCC":2821,"SQMI":54.3},"geometry":{"type":"Polygon","coordinates":[[[-112.220976347771995,33.804661808652497],[-112.220116346894002,33.804700011942501],[-112.217608162176006,33.804935474399201],[-112.217461805157996,33.804979066700803],[-112.216591826604997,33.805738170342401],[-112.216309997305999,33.806040915409],[-112.216164547350004,33.8062863555406],[-112.216069999542995,33.806620901111202],[-112.215998181626006,33.806721798347802],[-112.215914571911995,33.806780917405597],[-112.215769975659995,33.806820934818298],[-112.215088185659994,33.806732736440701],[-112.214622703114998,33.8067181701024],[-112.214502704232999,33.806752745147001],[-112.214392736383004,33.806828191309201],[-112.214228184782002,33.807018193985002],[-112.213882701117996,33.807617281332099],[-112.213598203992007,33.808211833372503],[-112.213332701797995,33.808951835369101],[-112.213156358399004,33.809316367321003],[-112.212900887236003,33.809516347671597],[-112.212091841863,33.809916361729499],[-112.211869078264996,33.810185438812802],[-112.211615474582004,33.810584545809299],[-112.211602722365996,33.810639076203699],[-112.211696363111997,33.811039090261602],[-112.211729977738997,33.811097248901497],[-112.211938174997996,33.811273645656897],[-112.212050010327999,33.8114372901968],[-112.211969068440993,33.811890020526398],[-112.211803609778002,33.812336348069898],[-112.211710929450007,33.812482705087497],[-112.210393662935004,33.813407267391703],[-112.210151797693001,33.813638194541497],[-112.209987299448002,33.813872749936799],[-112.209866340149006,33.814000912370702],[-112.209450906048005,33.814205428028103],[-112.208916380125999,33.814289998160397],[-112.208580927493998,33.814462713313901],[-112.208423632383997,33.814617287240203],[-112.208277275366001,33.814942708840697],[-112.208203643326996,33.815016340880099],[-112.208085458567993,33.815078181121997],[-112.207143662098005,33.815101818073799],[-112.207006375693993,33.815143649609197],[-112.206832753479006,33.815256338643501],[-112.206717289904006,33.815286378381401],[-112.206429111176007,33.815306387087702],[-112.206121830802999,33.815262741429599],[-112.206001831921,33.815315457701303],[-112.205500013565,33.815375430463902],[-112.205360005976999,33.815419983183403],[-112.204592738783006,33.816131812921398],[-112.203969107423006,33.816820005707598],[-112.203171800491006,33.817447265313398],[-112.202715441915998,33.817762709238899],[-112.202609102311001,33.817819107112697],[-112.202306357245007,33.817916376103902],[-112.202139991520994,33.818085463011897],[-112.202090903493996,33.818168165665],[-112.201959112815004,33.8186354623328],[-112.201852719854003,33.818777284043598],[-112.201838206871997,33.8189263622452],[-112.201922723647996,33.819499998517799],[-112.201899993756996,33.819596360447697],[-112.201796375336997,33.819691815316297],[-112.201473621564006,33.8199054549439],[-112.201087266783006,33.820109116896496],[-112.200709075554002,33.820282739111299],[-112.199942715421003,33.820545466765097],[-112.199751805684002,33.820661837401403],[-112.199509086736995,33.820707297182302],[-112.199423662900003,33.820760013453999],[-112.199339999828993,33.820855468322598],[-112.199250894390005,33.821019112862402],[-112.199214558579001,33.8212254426426],[-112.199227257437997,33.821425476349802],[-112.199289097679994,33.821749083827598],[-112.199841818185007,33.822700911329001],[-112.199953653514001,33.8229172721406],[-112.199978197527003,33.823018169377299],[-112.199978197527003,33.823886387164301],[-112.199681801889994,33.824850913524699],[-112.199622736188999,33.825109105871803],[-112.199567298733001,33.825529982340797],[-112.199555453578995,33.826063654557302],[-112.199816367110003,33.826705480501303],[-112.200000927418003,33.8269881635049],[-112.200302712067,33.827340903659199],[-112.200491807681004,33.827446389559199],[-112.200865463602995,33.827567295502298],[-112.20092180812,33.827609073681202],[-112.200932746212999,33.827669099800303],[-112.200907295137995,33.827786377497901],[-112.200770915795999,33.827956371467302],[-112.200556369107005,33.828156351818002],[-112.200257252285994,33.828376340875003],[-112.199978197527003,33.828673643573403],[-112.199652722569994,33.829201820065201],[-112.199479100356001,33.829562723771701],[-112.199170005859003,33.830116351337999],[-112.198366349498002,33.830934520680799],[-112.198049091450002,33.831549988488902],[-112.197917247413997,33.831733641735198],[-112.197602710550001,33.832040015047198],[-112.197335447588998,33.832390887722198],[-112.197142723729002,33.832741813753699],[-112.197029981339,33.833078173446999],[-112.196983614496006,33.833146363118402],[-112.196881810197993,33.833240003864198],[-112.196728196690003,33.833330923425997],[-112.196262714145007,33.833519111979001],[-112.196043632148999,33.8336400179221],[-112.195886337038999,33.8338254319345],[-112.195757267543996,33.834229074237797],[-112.195500889319007,33.8353463604018],[-112.195467274692007,33.835599110380699],[-112.195455429538001,33.836262705797203],[-112.195436381250005,33.836371819942599],[-112.195213617652001,33.836750011171397],[-112.194760887323,33.837401814790297],[-112.194508190700006,33.837708188102297],[-112.193756343548998,33.838409986808898],[-112.192513616135997,33.839977282118397],[-112.192287277649001,33.840301796657599],[-112.192033620608996,33.840585440079202],[-112.191463612581998,33.841093661221102],[-112.191033612141993,33.8414154545762],[-112.190546360124998,33.841820003940803],[-112.190450905256,33.842083638656],[-112.190352729203994,33.843077297692901],[-112.190273654796002,33.843375454096098],[-112.190130018961995,33.843563642649201],[-112.189763619531007,33.8437599947544],[-112.189568174486993,33.843926360478299],[-112.188937286636005,33.844881816225197],[-112.188731810560995,33.845154521554001],[-112.188650014968999,33.8455627525206],[-112.188543622007998,33.845905461643397],[-112.188401800297001,33.846188198003603],[-112.188225456897996,33.846436359319199],[-112.188142700889003,33.846600910920401],[-112.187840916240006,33.847019066205398],[-112.184834541411007,33.847837288904799],[-112.181347263994994,33.849656373775403],[-112.181021842394003,33.849711811231202],[-112.179830017129007,33.849370916231102],[-112.179527272062998,33.849220930968102],[-112.179227248179998,33.849209992875302],[-112.178599081512999,33.8493572569542],[-112.177625431183003,33.849119073313503],[-112.176130007146,33.8485291099365],[-112.174586348789006,33.848550025704199],[-112.172228202689993,33.848931791821798],[-112.171060014377005,33.849149113051297],[-112.169720017971997,33.849062728796298],[-112.167176351148001,33.848451796295002],[-112.163820010704995,33.848481836032803],[-112.160447289801994,33.848651830002197],[-112.152267250427002,33.8513154423514],[-112.147414525531005,33.8529263833192],[-112.145628201581999,33.852583620839802],[-112.145266337457997,33.852030900334903],[-112.143966358464994,33.850238173600196],[-112.145460928796993,33.863213632936798],[-112.145823646625999,33.863862715371603],[-112.147111833821,33.863882724078003],[-112.147548183688997,33.863833636051702],[-112.152026345601996,33.863839078419801],[-112.161287281973998,33.863924555613501],[-112.161176353705997,33.865968164847899],[-112.161197269474002,33.8672327150908],[-112.161180889012996,33.8703754692621],[-112.161171818398998,33.870537246322698],[-112.161146367325003,33.870601807748599],[-112.161000917368995,33.870705479525903],[-112.160724530438003,33.870780925688003],[-112.160483625612997,33.870739094152597],[-112.159883631205005,33.870875473495197],[-112.159608204692006,33.870915437551403],[-112.158597258133,33.871059980446297],[-112.157838207847007,33.871120913626797],[-112.152222751064002,33.871079082091299],[-112.152237264045993,33.871249983121999],[-112.151638176698995,33.871257292969403],[-112.149209973449004,33.871200895095697],[-112.147938166716003,33.871131798363002],[-112.146019091669999,33.870953640841499],[-112.146605480158001,33.876241808545203],[-112.147122718557,33.880669975370502],[-112.147255469653999,33.881989109364497],[-112.147003626735994,33.882010025132203],[-112.147083661561993,33.882976365615299],[-112.141794533440006,33.883168182413797],[-112.141062748352994,33.882962706338397],[-112.138201823480003,33.881949091951697],[-112.137961825716999,33.882345477764197],[-112.137632722513999,33.882809092830001],[-112.136777256943006,33.8842054337523],[-112.136706346086996,33.884381830507699],[-112.136631806986998,33.884946342810203],[-112.136636342293002,33.885031820003803],[-112.136771814574999,33.885416360662099],[-112.136756341175001,33.885573655772497],[-112.136597285297995,33.885799994259003],[-112.136310013631004,33.886061814851502],[-112.135561794726001,33.886381794083903],[-112.135304562797003,33.886461828909397],[-112.135116374244006,33.886471806584296],[-112.134822753147006,33.886437284896203],[-112.134048176106006,33.886143610443199],[-112.133879996260006,33.886101832264302],[-112.133441832268005,33.886093615355499],[-112.133280908911999,33.886119973491397],[-112.132562729745004,33.886400895728897],[-112.131867280468001,33.8867599853127],[-112.131645477288004,33.886851811935799],[-112.131489996300004,33.886901807023399],[-112.130836378558996,33.887023620027797],[-112.130332746080001,33.887176379831502],[-112.129679074981993,33.887576340532803],[-112.129238189806998,33.887776374239998],[-112.128810003490003,33.8879054437352],[-112.128067280310006,33.888003619787902],[-112.127797296164999,33.888098167594997],[-112.127179107173006,33.888466381148902],[-112.127017276756007,33.888665454438197],[-112.126718159934001,33.888841797837003],[-112.125791836863996,33.889170901039499],[-112.125615440109001,33.889208197268204],[-112.125543622191998,33.889283643430403],[-112.125580011359006,33.8899181595269],[-112.125510007564998,33.890371796917897],[-112.125382752193005,33.8907009001204],[-112.125326354319,33.890973658805699],[-112.125125466906994,33.891200904353603],[-112.125000932717995,33.8912636516568],[-112.124611803397002,33.891234518980298],[-112.124382743726002,33.891186338015302],[-112.124169104098996,33.891088161962699],[-112.123986357914006,33.891077277226401],[-112.123944526377997,33.891106356546402],[-112.123863637848004,33.891317274989802],[-112.123757298243007,33.891410915735698],[-112.12324817004,33.891533635801402],[-112.122779112605997,33.8916954662186],[-112.122697263657997,33.891741833060799],[-112.122504539798001,33.891979109640197],[-112.122252750236996,33.892047245954998],[-112.122199980608997,33.8920863563064],[-112.122120906201005,33.892210890494802],[-112.122072725235995,33.892377256218801],[-112.122083609971995,33.892419994815597],[-112.122201794730998,33.892532737206501],[-112.122193631179002,33.892577289926002],[-112.122085477452003,33.892682722469502],[-112.121985433920003,33.8928654686543],[-112.121836355718003,33.893012732733297],[-112.121524540037996,33.893207270715799],[-112.121475452012007,33.893373636439698],[-112.121226383635005,33.893654558677198],[-112.121138185256996,33.893716345562503],[-112.12114725587,33.893754548852598],[-112.121325466748999,33.893931799312803],[-112.121336351484999,33.893973630848301],[-112.121309086287994,33.894001803106804],[-112.121125433041001,33.893996360738697],[-112.120915475016005,33.893946365650997],[-112.120909072230006,33.894020904751898],[-112.120966377165004,33.894178199862203],[-112.12094092609,33.894251831901698],[-112.120850006528997,33.894321835695699],[-112.120541819094001,33.894459068743203],[-112.120314520188998,33.894503621462697],[-112.120251826243006,33.894501807339999],[-112.120081832273002,33.894440020454702],[-112.120012735540996,33.894442741638798],[-112.119973625189004,33.894468192713298],[-112.119939103500997,33.894569089949997],[-112.119964554576001,33.894679111156798],[-112.119926351285997,33.894730920367103],[-112.119822732865003,33.8947872648843],[-112.119541810626998,33.894791800191101],[-112.119335480846999,33.894831817603801],[-112.119119066679005,33.894919108920199],[-112.118892728193003,33.8949281795337],[-112.118852710780004,33.894990019775598],[-112.118869091240995,33.895239088152501],[-112.118850896656994,33.895307277823903],[-112.118653637490993,33.895478178854603],[-112.118694561965,33.895627257056198],[-112.118542709221998,33.8957518446013],[-112.118566346174006,33.895840896683801],[-112.118644566876995,33.895960895565501],[-112.118598200034995,33.896114562430398],[-112.118527289178999,33.896581805741697],[-112.118464541875994,33.896730883943299],[-112.118439090801999,33.896757295435798],[-112.118358202270997,33.896759109558502],[-112.118317277797004,33.896843626334203],[-112.118368179946003,33.897009084996803],[-112.118360016394007,33.897066389931901],[-112.118054550143,33.897361825151101],[-112.117885463234998,33.897581814208102],[-112.117857290977,33.897861829384198],[-112.117781844814999,33.8980463896918],[-112.117751805077006,33.898215476599901],[-112.117696367620994,33.898313652652497],[-112.117560895340006,33.898469987345003],[-112.117492705667999,33.898660897082003],[-112.118947258586999,33.901569095858001],[-112.118791830955999,33.901661829542498],[-112.118739114684004,33.902003631604003],[-112.118871812424999,33.9022017978319],[-112.119018169442,33.902532715157101],[-112.119389104180001,33.902840902591798],[-112.119270012360005,33.903182704653297],[-112.119401803038997,33.903314548689103],[-112.119494536724005,33.903721819237902],[-112.119733627426001,33.904119112111701],[-112.120202738215994,33.904479108756703],[-112.119947267053007,33.904598200577098],[-112.119819104620007,33.9046863455983],[-112.119503660693994,33.905010006432597],[-112.118992718368006,33.905421812288097],[-112.118812746724004,33.905709991016401],[-112.118709074945997,33.906044536586997],[-112.118649102183994,33.906139991455603],[-112.118504559288994,33.906266339766802],[-112.118457285385006,33.9063436534082],[-112.118441811986003,33.906441829460803],[-112.118463634815001,33.9065290674206],[-112.118438183739997,33.906639995688799],[-112.117684522467002,33.907262719987699],[-112.117557267094,33.907420015098097],[-112.117507272007003,33.9075681862384],[-112.117480913871006,33.9079900231254],[-112.117367264419002,33.908278201853697],[-112.117343627466994,33.908400921919501],[-112.117358193805003,33.9084472887617],[-112.117567298126005,33.908699078322698],[-112.117715469266003,33.908837271788101],[-112.117890905604,33.908975465253498],[-112.118403662052003,33.909279117381402],[-112.118490900012006,33.909359098850402],[-112.118620022863993,33.909548194464797],[-112.118788202709993,33.909991800824201],[-112.118807250998998,33.910169104641],[-112.118783614047004,33.910458190430703],[-112.118799994507995,33.910536357776998],[-112.119030921657995,33.910759068018102],[-112.119159991152998,33.911042711439599],[-112.119379073149005,33.911379978194297],[-112.119411834071002,33.911466362449303],[-112.119421811745994,33.911641798786803],[-112.119342737338002,33.9119109292267],[-112.119196380321,33.912199107954997],[-112.118674553258003,33.913011834929698],[-112.118176363147995,33.913596355938701],[-112.117555452971999,33.914571820391899],[-112.117513621436004,33.914739093177197],[-112.117516342619993,33.915823618419303],[-112.117431825843994,33.916351794911002],[-112.111848169564993,33.916183615064398],[-112.111198180068996,33.916206344954901],[-112.111000013840993,33.916233610151998],[-112.109439067961006,33.916587257367702],[-112.109213636535998,33.916681805174903],[-112.108750928530995,33.916992713793697],[-112.108771844299,33.918021801579997],[-112.108765441513,33.921750890882898],[-112.108321835153006,33.921272709478799],[-112.108333626950994,33.920707290114898],[-112.108119080262,33.920579074324401],[-112.106950891948998,33.920572724894903],[-112.106389100830995,33.920339983622398],[-112.105930928133006,33.920041827219102],[-112.105087254359006,33.919660007744902],[-112.105068206070996,33.9195109295433],[-112.104284558415998,33.918953620375],[-112.104070918787997,33.918512735199599],[-112.103858186221998,33.918332710198797],[-112.102681834357,33.918053655440502],[-112.10179366122,33.917540898991803],[-112.101468186263006,33.917863652764801],[-112.101166348258005,33.916807246424703],[-112.100376351172997,33.915435449515599],[-112.099574562292005,33.913861804776602],[-112.099012717815995,33.913049077801901],[-112.098400024548994,33.911719112428202],[-112.097043647682995,33.909293630363102],[-112.095930896826005,33.907627251939601],[-112.095183638338,33.906161814284701],[-112.094945454698006,33.905838206806898],[-112.094328172767007,33.904610899436101],[-112.094353623841002,33.904441812528098],[-112.09398274246,33.9038591056418],[-112.093922716340998,33.903621829062502],[-112.093437278446004,33.902730934741598],[-112.093297270858002,33.902592741276202],[-112.091665467479004,33.899544534912202],[-112.091573640855998,33.899141799670197],[-112.091436354452,33.899146388333598],[-112.089889974909994,33.896261826509303],[-112.089610013089995,33.896080894447202],[-112.089249109383999,33.8959727407196],[-112.088929076794997,33.895773614073804],[-112.088981793067006,33.8950036256959],[-112.088730003506001,33.894470913897401],[-112.088341834602005,33.893781814049802],[-112.087921811838001,33.892686350714897],[-112.087592708635,33.8922627530618],[-112.087533642934005,33.8919254329506],[-112.087038174008001,33.891110891853103],[-112.086446343150996,33.8909827294192],[-112.086361826376006,33.890763647423597],[-112.086729986573005,33.890400929594399],[-112.086643655673996,33.890086339373603],[-112.085494569006002,33.887749109042701],[-112.085109067930006,33.886402709851602],[-112.084820889202007,33.885910922527202],[-112.084507259399004,33.885549111759403],[-112.084034520363005,33.8853699938199],[-112.083693625362997,33.8851645711011],[-112.083148161349001,33.884422701625198],[-112.084200886087004,33.884464533160703],[-112.085532718940001,33.884609076055497],[-112.085730885168005,33.884589974410503],[-112.086498205718001,33.884393622305303],[-112.088949085501,33.884383644630397],[-112.089127296379004,33.884335463665401],[-112.089186362080994,33.884241822919599],[-112.089252737628996,33.8824891135977],[-112.089173609865,33.881966379474001],[-112.089164539251996,33.881482702345203],[-112.089224565370998,33.880650020020703],[-112.089178198528003,33.878811833505097],[-112.090065464603995,33.877109065914297],[-112.089943651599995,33.874759990429197],[-112.089842701006006,33.874700017666697],[-112.089210906093996,33.874830901284703],[-112.089188176202995,33.874417281306499],[-112.089238171291001,33.874064541152201],[-112.089212720215997,33.872540891500797],[-112.089093628396,33.872336375843403],[-112.087911834162995,33.871607258583097],[-112.087137257121995,33.871617289614498],[-112.086967263152005,33.8716863863472],[-112.086807246858001,33.871651811302598],[-112.083767257402002,33.871741823802999],[-112.078300932177001,33.871691828715299],[-112.078299064698001,33.873275451129302],[-112.078359997877996,33.8749990811313],[-112.078321794588007,33.876090916220797],[-112.078319980466006,33.877136384468102],[-112.075020891601994,33.876564562318102],[-112.075987285441997,33.875008205101402],[-112.075965462612004,33.874147297161798],[-112.075827269146998,33.873619067313399],[-112.075150921515004,33.872669107291301],[-112.074046387566995,33.871682704745297],[-112.064696345756005,33.871671820008999],[-112.062971808691998,33.871633616718903],[-112.061949070335004,33.871647275995798],[-112.060950929347996,33.8717363814349],[-112.059149985705005,33.8716863863472],[-112.048389997051004,33.871695456960801],[-112.048057265603006,33.871713651544397],[-112.048370895405995,33.871505454285],[-112.048674547534006,33.8705108881868],[-112.048813648061,33.870199072506601],[-112.049024566504002,33.869980897572297],[-112.049211794639007,33.869854549261099],[-112.049426341328001,33.869247298361699],[-112.049646383742001,33.868841841935797],[-112.049732714640001,33.8684027175265],[-112.049981836374002,33.868303634412499],[-112.050082733611006,33.867882704586897],[-112.050188166154001,33.867723648710403],[-112.050377261768006,33.867550933556998],[-112.050672750344006,33.867477248161002],[-112.050966371441007,33.867309068314299],[-112.051017273590006,33.867252723797101],[-112.051068175739005,33.867044526537804],[-112.051177289883995,33.866927248840099],[-112.051110914335993,33.866822723357998],[-112.050229997689996,33.866650008204601],[-112.049719108719998,33.866610897853199],[-112.049559999487002,33.866428205024803],[-112.048740923083002,33.866277259343903],[-112.048169100932995,33.866389094673401],[-112.047757295077005,33.866632720682198],[-112.047422749507007,33.866863647832098],[-112.046973647423002,33.867229993906697],[-112.046736370843007,33.867608185135502],[-112.046608208408998,33.867973624148703],[-112.046578168671999,33.868390018667498],[-112.046096359022002,33.868511831672002],[-112.045981802507995,33.868564547943699],[-112.045386343407003,33.869029070070901],[-112.045340883625997,33.869119082571302],[-112.045324556520995,33.869262718404798],[-112.045537289088003,33.869796337264702],[-112.045605478759001,33.870082701870302],[-112.045616363495,33.8705509055996],[-112.04557453196,33.8707017979239],[-112.045393653253996,33.871000007683698],[-112.044850003362995,33.871542750513697],[-112.044449082244,33.871883645513797],[-112.044381799633996,33.871990892180001],[-112.044242752463006,33.8723681763474],[-112.043828172066995,33.872720916501699],[-112.043442724347997,33.872966356633199],[-112.042763655531999,33.873504564156399],[-112.042340911582997,33.873791835823397],[-112.042137249630997,33.873887290691997],[-112.041526370485997,33.874030019464101],[-112.041302753183004,33.874117257423897],[-112.040871792326001,33.874350905757801],[-112.040350925682006,33.874419095429197],[-112.039829098620004,33.874550886108501],[-112.039607295440007,33.874585461153103],[-112.039394562873994,33.874520899727202],[-112.038990920570001,33.874279087841103],[-112.038700020657998,33.874166345450199],[-112.038546353792995,33.874131823762198],[-112.038236352235998,33.874172748236298],[-112.037903620788001,33.874312702467797],[-112.036834568944997,33.874890927403797],[-112.036548204339994,33.875010019224099],[-112.036192743000996,33.875103659969902],[-112.036056363659,33.875120894135698],[-112.035876338657999,33.875108195276702],[-112.035709065871998,33.875139088719401],[-112.035211836179997,33.875314525056901],[-112.034494564073995,33.8754863865055],[-112.034283645629998,33.87551183758],[-112.032653656373995,33.875557297360899],[-112.032433613961004,33.875481797842198],[-112.032192709135998,33.875331812579198],[-112.031770925605002,33.8751300181058],[-112.031630010955993,33.875112730583503],[-112.031273642556002,33.8752800033688],[-112.030692749793005,33.875613641877997],[-112.030030915142007,33.876138190124401],[-112.029793638563007,33.876401824839597],[-112.029582720120004,33.876538204182303],[-112.029406376720999,33.876591827515298],[-112.029266369132998,33.876591827515298],[-112.028781838298997,33.876683654138503],[-112.028575455161999,33.876749976330501],[-112.028130888384993,33.876970018744103],[-112.027766356433006,33.877269082208699],[-112.027695445578004,33.877290905037803],[-112.027501814657001,33.877290905037803],[-112.027193627222005,33.877220901243803],[-112.027009066914005,33.877132702866099],[-112.026602703427002,33.876718175826497],[-112.026269064917997,33.876297246001002],[-112.026180919896007,33.876234552054299],[-112.026010018866003,33.876187278150702],[-112.025596345531,33.876116367295303],[-112.025179097307003,33.876090009159498],[-112.024300901844995,33.876141818369803],[-112.023655447655997,33.876141818369803],[-112.022286371931003,33.875997275475001],[-112.022047281229007,33.875965474970897],[-112.021870884473003,33.875909077097297],[-112.021676346491006,33.875798202185699],[-112.021516383553006,33.875667265211099],[-112.021467295527003,33.875592726110298],[-112.021363623748996,33.875323649027003],[-112.021243624868006,33.875143624026201],[-112.019966375766003,33.874388201986498],[-112.018661808109997,33.873497254309001],[-112.018528203307994,33.873448166282699],[-112.018393638088,33.873435467423697],[-112.017929115960996,33.873455476130097],[-112.017927248481996,33.872813650186103],[-112.017359107933999,33.872512719242302],[-112.017058176990005,33.871550914065899],[-112.016146366900998,33.870939074503198],[-112.015689101264996,33.870190908954399],[-112.014812719925999,33.869848199831601],[-112.014313622754003,33.8693518238439],[-112.013916383235994,33.869086375005899],[-112.013136363827002,33.868410934435303],[-112.010767279635999,33.866639977173101],[-112.010978198079002,33.866215472458599],[-112.011531825644994,33.8646681858555],[-112.011562719088005,33.864409993508403],[-112.013339065362004,33.8644727408116],[-112.013398184419998,33.858000004334002],[-112.013460024661001,33.857206379004303],[-112.021862720921007,33.857180020868398],[-112.023399976492996,33.857245435999097],[-112.030644568827995,33.857228201833401],[-112.030626374243994,33.844509067364598],[-112.030533640559995,33.839596369705603],[-112.030215475450007,33.839039113893897],[-112.029978198871007,33.838862717138497],[-112.027116366936994,33.839032711107897],[-112.026119079655004,33.839064564968403],[-112.026209999215993,33.838450004221599],[-112.026306361145998,33.838090914637903],[-112.026520907835007,33.837504526149701],[-112.027567283143995,33.835141791387798],[-112.027739091236,33.834799989326299],[-112.029897256984,33.830901813115403],[-112.030059087401,33.830568174606199],[-112.030317279748004,33.829828172609602],[-112.030437278630004,33.829230899385102],[-112.030466357950004,33.827220904777498],[-112.030454566152002,33.813702702610897],[-112.029461814176997,33.813640008664201],[-112.028220900885003,33.813619092896502],[-112.014893661811996,33.813576354299698],[-112.013697247883997,33.8135799825451],[-112.013563643081994,33.813679065659102],[-112.013590001218006,33.812499992609801],[-112.013553612050998,33.812200929145099],[-112.013484568674997,33.811694522125897],[-112.013091811107998,33.809827256290397],[-112.013046351327006,33.809427295589103],[-112.013019086129006,33.808656346793299],[-112.012980882839003,33.801329105161997],[-112.013025435559001,33.799259084435199],[-112.027072721278998,33.799227283931302],[-112.029696369571994,33.799277279018902],[-112.030080910229998,33.799277279018902],[-112.030440906875,33.799271836650803],[-112.031277270801993,33.799277279018902],[-112.048039978080993,33.799195430070696],[-112.061143653208006,33.799180917088997],[-112.063946366083997,33.799159094259899],[-112.074024564737002,33.799165443689397],[-112.074021843552998,33.799052701298599],[-112.082742704923007,33.799032745948701],[-112.082731820187007,33.799165443689397],[-112.084190001351004,33.799180917088997],[-112.084650895232997,33.799226376869903],[-112.085517298897003,33.799397277900603],[-112.086438179599,33.799706372396699],[-112.086945440323007,33.799949091344203],[-112.088203641137,33.800610925994498],[-112.088588181795004,33.800788176454702],[-112.089300918594006,33.801051811169998],[-112.089647255962007,33.8011508942839],[-112.090297298815003,33.801279110074397],[-112.091003632828006,33.801354556236603],[-112.091535437565994,33.801368162156898],[-112.092106352654,33.801336361652901],[-112.092617294980002,33.801269986104302],[-112.093655453379995,33.801083611674002],[-112.094021799455007,33.800983621498602],[-112.094279084739995,33.800897290600197],[-112.094979976386,33.800590010226799],[-112.096830915116996,33.799449994172299],[-112.097481811674001,33.799137271430901],[-112.098338184306996,33.7988418362117],[-112.098907285273,33.798698200378098],[-112.099489992158993,33.798608187877697],[-112.100119065887995,33.798563635158203],[-112.117061798167995,33.798491817241498],[-112.128914528972004,33.798380888973298],[-112.129217274038993,33.798407247109203],[-112.129560890223004,33.798389105882102],[-112.129889086364003,33.798914561189697],[-112.130362732462004,33.798769111233497],[-112.130560898688998,33.798359973205599],[-112.140571814732994,33.798235439017098],[-112.140993651619993,33.798222740158103],[-112.141074540150001,33.798183629806701],[-112.142081805106997,33.798200010267699],[-112.150697287290001,33.798003658162401],[-112.152536380867005,33.798008193469201],[-112.168862738277994,33.798312752658497],[-112.172159105956993,33.7982654787549],[-112.185119998955997,33.797869092942499],[-112.186910004506004,33.797837292438501],[-112.203406355886003,33.797849991297497],[-112.219760885555999,33.797677276144],[-112.219860929088,33.798555471606001],[-112.219888194285005,33.799005480751497],[-112.219980927969004,33.799718164194303],[-112.219849990995002,33.799854543537002],[-112.219723642684002,33.800359083076899],[-112.219713611651997,33.800613647178601],[-112.219768195403006,33.801558164832599],[-112.219942724679001,33.801997289241903],[-112.220320008846997,33.802577274943999],[-112.220396362070005,33.802746361852002],[-112.220637266894997,33.803522753015997],[-112.220669974459994,33.803886377906501],[-112.220746381040001,33.804267290319302],[-112.220976347771995,33.804661808652497]]]}},
{"type":"Feature","properties":{"FID":12643,"ObjectID":12650,"ZIP":"85012","PO_NAME":"Phoenix","STATE":"AZ","POP2010":6486,"POP10_SQMI":3195.1,"POP2012":6553,"POP12_SQMI":3276.5,"WHITE":5092,"BLACK":360,"AMERI_ES":201,"ASIAN":152,"HAWN_PI":4,"HISPANIC":1242,"OTHER":486,"MULT_RACE":190,"MALES":3323,"FEMALES":3163,"AGE_UNDER5":356,"AGE_5_9":315,"AGE_10_14":310,"AGE_15_19":313,"AGE_20_24":383,"AGE_25_34":950,"AGE_35_44":924,"AGE_45_54":1013,"AGE_55_64":931,"AGE_65_74":492,"AGE_75_84":331,"AGE_85_UP":164,"MED_AGE":41.7,"MED_AGE_M":41.5,"MED_AGE_F":41.9,"HOUSEHOLDS":3102,"AVE_HH_SZ":2.07,"HSEHLD_1_M":747,"HSEHLD_1_F":677,"MARHH_CHD":394,"MARHH_NO_C":572,"MHH_CHILD":70,"FHH_CHILD":163,"FAMILIES":1372,"AVE_FAM_SZ":2.96,"HSE_UNITS":3811,"VACANT":709,"OWNER_OCC":1572,"RENTER_OCC":1530,"SQMI":2.0},"geometry":{"type":"Polygon","coordinates":[[[-112.073750898990994,33.538316367265303],[-112.068876351265004,33.538290916190803],[-112.065070908739003,33.538289102067999],[-112.065050900033,33.534650932326898],[-112.064608200734,33.534650025265599],[-112.064960887531996,33.534580928532897],[-112.065049992970998,33.534544539365598],[-112.064991834330996,33.523741812115098],[-112.065040015296006,33.492905460980197],[-112.065080886413995,33.487469068779703],[-112.065062745187006,33.485637285050103],[-112.065081793475002,33.480201799911001],[-112.070112729249999,33.4802327467102],[-112.073866362565994,33.480265454275496],[-112.073851796227999,33.480830926995999],[-112.073886371271996,33.481832749585003],[-112.073914543531004,33.484271837570503],[-112.073916357653005,33.487530909021501],[-112.073889092456,33.4904781647923],[-112.073924521205996,33.492545464335102],[-112.073895441885995,33.494387279096102],[-112.073930923991995,33.4949363713556],[-112.073905472917005,33.500226353181901],[-112.073919985898996,33.501814564259199],[-112.073882743026999,33.503355448076299],[-112.073891813640003,33.505702709438602],[-112.073847260920999,33.509033652162998],[-112.073827252214002,33.509681827536397],[-112.073764558267996,33.509799105234102],[-112.073748177807005,33.510039102997503],[-112.073749991930001,33.516569091053597],[-112.073683616381004,33.522377271696897],[-112.073750898990994,33.538316367265303]]]}},
{"type":"Feature","properties":{"FID":12664,"ObjectID":12651,"ZIP":"85013","PO_NAME":"Phoenix","STATE":"AZ","POP2010":21416,"POP10_SQMI":5314.1,"POP2012":21274,"POP12_SQMI":5318.5,"WHITE":15599,"BLACK":1557,"AMERI_ES":857,"ASIAN":663,"HAWN_PI":40,"HISPANIC":5503,"OTHER":1951,"MULT_RACE":749,"MALES":10993,"FEMALES":10423,"AGE_UNDER5":1218,"AGE_5_9":1120,"AGE_10_14":1056,"AGE_15_19":1092,"AGE_20_24":1462,"AGE_25_34":3589,"AGE_35_44":3208,"AGE_45_54":3242,"AGE_55_64":2830,"AGE_65_74":1344,"AGE_75_84":790,"AGE_85_UP":467,"MED_AGE":38.7,"MED_AGE_M":38.7,"MED_AGE_F":38.7,"HOUSEHOLDS":10217,"AVE_HH_SZ":2.05,"HSEHLD_1_M":2303,"HSEHLD_1_F":2123,"MARHH_CHD":1079,"MARHH_NO_C":1510,"MHH_CHILD":294,"FHH_CHILD":779,"FAMILIES":4358,"AVE_FAM_SZ":2.97,"HSE_UNITS":12307,"VACANT":2090,"OWNER_OCC":4437,"RENTER_OCC":5780,"SQMI":4.0},"geometry":{"type":"Polygon","coordinates":[[[-112.091120003464994,33.5385090911251],[-112.082230001830993,33.5383527030761],[-112.073750898990994,33.538316367265303],[-112.073683616381004,33.522377271696897],[-112.073749991930001,33.516569091053597],[-112.073748177807005,33.510039102997503],[-112.073764558267996,33.509799105234102],[-112.073827252214002,33.509681827536397],[-112.073847260920999,33.509033652162998],[-112.073891813640003,33.505702709438602],[-112.073882743026999,33.503355448076299],[-112.073919985898996,33.501814564259199],[-112.073905472917005,33.500226353181901],[-112.073930923991995,33.4949363713556],[-112.073895441885995,33.494387279096102],[-112.073924521205996,33.492545464335102],[-112.073889092456,33.4904781647923],[-112.073916357653005,33.487530909021501],[-112.073914543531004,33.484271837570503],[-112.073886371271996,33.481832749585003],[-112.073851796227999,33.480830926995999],[-112.073866362565994,33.480265454275496],[-112.078920935292004,33.480288184166],[-112.083018184791996,33.480340900437703],[-112.087000024074001,33.480397298311402],[-112.091377288749996,33.480473651534901],[-112.091404553947996,33.482297271712298],[-112.091378195811998,33.486031803383298],[-112.091391801732001,33.486835459744398],[-112.091352744736994,33.487773627968998],[-112.091289997434004,33.500635437853397],[-112.091251794144,33.503762718624998],[-112.091248165899003,33.508554563697501],[-112.091263639298006,33.509047258083299],[-112.091243630592004,33.509379082469799],[-112.091252701204994,33.510849108788101],[-112.091215458332996,33.515843655395301],[-112.093273633905994,33.516783637742499],[-112.091201799055995,33.516758186668],[-112.091159113816005,33.520860931892898],[-112.091137290987007,33.527095431373297],[-112.091171812675,33.528576342427897],[-112.091123631710005,33.534176379168201],[-112.091120003464994,33.5385090911251]]]}},
{"type":"Feature","properties":{"FID":12668,"ObjectID":12652,"ZIP":"85014","PO_NAME":"Phoenix","STATE":"AZ","POP2010":24188,"POP10_SQMI":6016.9,"POP2012":25105,"POP12_SQMI":6276.3,"WHITE":16373,"BLACK":1491,"AMERI_ES":1441,"ASIAN":480,"HAWN_PI":35,"HISPANIC":7309,"OTHER":3408,"MULT_RACE":960,"MALES":12317,"FEMALES":11871,"AGE_UNDER5":1659,"AGE_5_9":1516,"AGE_10_14":1280,"AGE_15_19":1201,"AGE_20_24":1534,"AGE_25_34":4421,"AGE_35_44":3684,"AGE_45_54":3729,"AGE_55_64":2765,"AGE_65_74":1383,"AGE_75_84":729,"AGE_85_UP":286,"MED_AGE":36.3,"MED_AGE_M":36.1,"MED_AGE_F":36.6,"HOUSEHOLDS":11497,"AVE_HH_SZ":2.08,"HSEHLD_1_M":2796,"HSEHLD_1_F":2443,"MARHH_CHD":1307,"MARHH_NO_C":1459,"MHH_CHILD":369,"FHH_CHILD":1008,"FAMILIES":4902,"AVE_FAM_SZ":3.04,"HSE_UNITS":13981,"VACANT":2484,"OWNER_OCC":4723,"RENTER_OCC":6774,"SQMI":4.0},"geometry":{"type":"Polygon","coordinates":[[[-112.065070908739003,33.538289102067999],[-112.060670914171993,33.538259115686799],[-112.056297277740995,33.538258155268799],[-112.056259074451006,33.536377283512998],[-112.056258167389998,33.534615450220898],[-112.055354520853001,33.534595441514597],[-112.055326348595003,33.5362899921967],[-112.055270004077997,33.536353646561203],[-112.055206349713004,33.536378190574297],[-112.054508179251997,33.536382725881097],[-112.054509086313004,33.538241828164502],[-112.047473651656006,33.538245456409904],[-112.047516390252994,33.530980001663899],[-112.047500916852997,33.528374547954499],[-112.047516390252994,33.527349995474999],[-112.047480908146994,33.523731834440198],[-112.047524553805005,33.517249973992499],[-112.047517297314002,33.511033615739201],[-112.047664561393006,33.487966351828803],[-112.047646366809005,33.480208202697],[-112.056868192829995,33.480203614033698],[-112.065081793475002,33.480201799911001],[-112.065062745187006,33.485637285050103],[-112.065080886413995,33.487469068779703],[-112.065040015296006,33.492905460980197],[-112.064991834330996,33.523741812115098],[-112.065049992970998,33.534544539365598],[-112.064960887531996,33.534580928532897],[-112.064608200734,33.534650025265599],[-112.065050900033,33.534650932326898],[-112.065070908739003,33.538289102067999]]]}},
{"type":"Feature","properties":{"FID":12678,"ObjectID":12653,"ZIP":"85015","PO_NAME":"Phoenix","STATE":"AZ","POP2010":37956,"POP10_SQMI":7667.9,"POP2012":38779,"POP12_SQMI":7755.8,"WHITE":22433,"BLACK":3254,"AMERI_ES":1937,"ASIAN":1973,"HAWN_PI":111,"HISPANIC":18376,"OTHER":6509,"MULT_RACE":1740,"MALES":19178,"FEMALES":18778,"AGE_UNDER5":3745,"AGE_5_9":3232,"AGE_10_14":2950,"AGE_15_19":2699,"AGE_20_24":2935,"AGE_25_34":6212,"AGE_35_44":5420,"AGE_45_54":4697,"AGE_55_64":3166,"AGE_65_74":1480,"AGE_75_84":902,"AGE_85_UP":519,"MED_AGE":30.5,"MED_AGE_M":30.2,"MED_AGE_F":30.8,"HOUSEHOLDS":13530,"AVE_HH_SZ":2.79,"HSEHLD_1_M":2173,"HSEHLD_1_F":1930,"MARHH_CHD":2623,"MARHH_NO_C":1688,"MHH_CHILD":694,"FHH_CHILD":1863,"FAMILIES":7978,"AVE_FAM_SZ":3.58,"HSE_UNITS":16613,"VACANT":3083,"OWNER_OCC":5190,"RENTER_OCC":8340,"SQMI":5.0},"geometry":{"type":"Polygon","coordinates":[[[-112.112437279237,33.538705443230299],[-112.110540934081996,33.538681806278497],[-112.110469116165007,33.538677270971696],[-112.110343621558997,33.538609988361699],[-112.109830011404995,33.538630904129498],[-112.108188176995,33.538616337791296],[-112.099574562292005,33.538646377529098],[-112.091120003464994,33.5385090911251],[-112.091123631710005,33.534176379168201],[-112.091171812675,33.528576342427897],[-112.091137290987007,33.527095431373297],[-112.091159113816005,33.520860931892898],[-112.091201799055995,33.516758186668],[-112.093273633905994,33.516783637742499],[-112.091215458332996,33.515843655395301],[-112.091252701204994,33.510849108788101],[-112.091243630592004,33.509379082469799],[-112.091263639298006,33.509047258083299],[-112.091248165899003,33.508554563697501],[-112.091251794144,33.503762718624998],[-112.091289997434004,33.500635437853397],[-112.091352744736994,33.487773627968998],[-112.091391801732001,33.486835459744398],[-112.091378195811998,33.486031803383298],[-112.091404553947996,33.482297271712298],[-112.091377288749996,33.480473651534901],[-112.094988193294,33.480487257455302],[-112.097860002903005,33.480532717236102],[-112.099980018718,33.480600906907497],[-112.103809098195995,33.480637296074804],[-112.103908181310004,33.480596371600697],[-112.104298164336001,33.480601813968804],[-112.104389083897999,33.480641831381597],[-112.107788162936998,33.4806790742537],[-112.111461814783993,33.480587247630602],[-112.111553641406999,33.480539973726998],[-112.111650003337004,33.4805336242975],[-112.112606366145002,33.4805191113158],[-112.112607273207004,33.480666375394698],[-112.113214524105999,33.480645459626999],[-112.113106370378006,33.494877252297798],[-112.113011822570996,33.500087252655199],[-112.112969991035996,33.501129999718401],[-112.112533641167005,33.508576386526599],[-112.112460009128,33.510987248896903],[-112.112374531933995,33.524178161983798],[-112.112435465114999,33.530950922343898],[-112.112016349412002,33.530956364712097],[-112.111986363029999,33.530941798373902],[-112.111969075508,33.530892710347601],[-112.111968168447007,33.530756384361403],[-112.111680896780001,33.530925471269498],[-112.111621831077997,33.531033624997001],[-112.111648189213994,33.531163654910102],[-112.111983641845995,33.531333648879503],[-112.112083632022006,33.531332741818098],[-112.112276355880994,33.531212742936503],[-112.112438186299002,33.531250892869899],[-112.112434558052996,33.538538170445001],[-112.112385470026993,33.538597289502803],[-112.112387284150003,33.538646377529098],[-112.112437279237,33.538705443230299]]]}},
{"type":"Feature","properties":{"FID":12706,"ObjectID":12654,"ZIP":"85016","PO_NAME":"Phoenix","STATE":"AZ","POP2010":34925,"POP10_SQMI":3348.5,"POP2012":34803,"POP12_SQMI":3515.5,"WHITE":24950,"BLACK":1682,"AMERI_ES":1310,"ASIAN":1018,"HAWN_PI":40,"HISPANIC":11023,"OTHER":4642,"MULT_RACE":1283,"MALES":17466,"FEMALES":17459,"AGE_UNDER5":2297,"AGE_5_9":1966,"AGE_10_14":1801,"AGE_15_19":1798,"AGE_20_24":2190,"AGE_25_34":6218,"AGE_35_44":5080,"AGE_45_54":4925,"AGE_55_64":4054,"AGE_65_74":2361,"AGE_75_84":1555,"AGE_85_UP":681,"MED_AGE":37.3,"MED_AGE_M":36.9,"MED_AGE_F":37.7,"HOUSEHOLDS":16522,"AVE_HH_SZ":2.1,"HSEHLD_1_M":3535,"HSEHLD_1_F":3702,"MARHH_CHD":1948,"MARHH_NO_C":2805,"MHH_CHILD":478,"FHH_CHILD":1215,"FAMILIES":7446,"AVE_FAM_SZ":3.03,"HSE_UNITS":19898,"VACANT":3376,"OWNER_OCC":8061,"RENTER_OCC":8461,"SQMI":9.9},"geometry":{"type":"Polygon","coordinates":[[[-111.995359988805006,33.553660003731999],[-111.995259091568002,33.5446236450803],[-111.997000009092005,33.544670918983897],[-111.998523658744006,33.544711843458003],[-112.001658196006005,33.544642746725401],[-112.001638187300003,33.5445981940059],[-112.001659103066999,33.544490893983102],[-112.002247252321993,33.543892713697304],[-112.002383631664003,33.543699989837499],[-112.002469108857994,33.543532717052202],[-112.002545462081997,33.543287276920701],[-112.002669996270001,33.542662738498997],[-112.002918157585995,33.542007253278101],[-112.002948197322993,33.541810901172902],[-112.002917250524007,33.541301826326098],[-112.002937259231004,33.5409736301851],[-112.006019987282997,33.540841839505703],[-112.007122707109005,33.539677279438102],[-112.007153653908006,33.533917279759798],[-112.007118171802006,33.533481836952497],[-112.006927262065005,33.533483651075201],[-112.006569986604006,33.533560911360098],[-112.006082734586002,33.5337954667554],[-112.005899988400998,33.533775458049],[-112.005952704673007,33.5334490760306],[-112.005994536207993,33.533321820658102],[-112.006395457327002,33.532932744692999],[-112.006666348533997,33.532523660021603],[-112.006710901253001,33.532142747608802],[-112.006720932285006,33.531823622081198],[-112.012323636852003,33.531836374296802],[-112.012868193805005,33.531812737345],[-112.012886388389006,33.531240915194999],[-112.012900901370998,33.531136389712898],[-112.012951803519996,33.531062704316902],[-112.013034559529004,33.528609103349801],[-112.013161814902006,33.522708189022097],[-112.013154558411003,33.522436337398098],[-112.012908157861006,33.520121836957699],[-112.012883613848004,33.5194881745659],[-112.012886388389006,33.518335459652498],[-112.013039094836003,33.511591831968801],[-112.013002705668995,33.509247291790501],[-112.012994542116004,33.496648156203399],[-112.012917281830994,33.480482722148501],[-112.020475450613006,33.480402740679502],[-112.030188156896003,33.480297254779501],[-112.034559979204005,33.480275431950403],[-112.035528187167003,33.480108159165098],[-112.036330883109997,33.480254569539298],[-112.041470933029998,33.480213645065099],[-112.041578179696003,33.480253662477899],[-112.047646366809005,33.480208202697],[-112.047664561393006,33.487966351828803],[-112.047517297314002,33.511033615739201],[-112.047524553805005,33.517249973992499],[-112.047480908146994,33.523731834440198],[-112.047516390252994,33.527349995474999],[-112.047500916852997,33.528374547954499],[-112.047516390252994,33.530980001663899],[-112.047473651656006,33.538245456409904],[-112.044076386738993,33.538289102067999],[-112.043973622023003,33.538339097155699],[-112.043820915576006,33.5383481677693],[-112.042623647943003,33.538367269414302],[-112.042681806583005,33.538229075948898],[-112.041548193314995,33.538253619962099],[-112.041295443335997,33.538014529260003],[-112.041216368928005,33.537782748405398],[-112.041191824915003,33.536950919785703],[-112.041121821120996,33.536422743293897],[-112.041109975967004,33.534777280638103],[-112.041091834740001,33.534708183905401],[-112.04103815805,33.534660910001797],[-112.040582706536995,33.534660910001797],[-112.040570914739007,33.538189111892699],[-112.038721843486996,33.538237292857701],[-112.038719976007997,33.537463622877802],[-112.038259989186997,33.537507268535997],[-112.036711795523004,33.537497290861097],[-112.036706353154997,33.538358198800701],[-112.035767277868999,33.538332747726201],[-112.035064572101007,33.538223633580799],[-112.034505448809995,33.538062710224999],[-112.033748159290994,33.537729978777101],[-112.033349105650998,33.538219098273998],[-112.033238177382998,33.538340911278397],[-112.033193624662999,33.538360012923398],[-112.031332708256997,33.538360919984797],[-112.031259076218006,33.538342725401201],[-112.030641794287007,33.537974565203797],[-112.030576379156003,33.538219098273998],[-112.030597294923993,33.539100014920002],[-112.030622745998997,33.539340919744802],[-112.030777266567995,33.540033647837802],[-112.030742744880001,33.540975444307797],[-112.030750908433006,33.541099978496199],[-112.030817283980994,33.5412300084094],[-112.030137254747004,33.541520001260501],[-112.029498203344005,33.543621822491303],[-112.029286377839,33.545273634576503],[-112.029020021939999,33.548474547387599],[-112.029528189724999,33.552742751275098],[-112.024649106693005,33.552771830595098],[-112.010436362310998,33.553203645156898],[-111.996217268498995,33.553706370574197],[-111.995359988805006,33.553660003731999]]]}},
{"type":"Feature","properties":{"FID":12713,"ObjectID":12655,"ZIP":"85017","PO_NAME":"Phoenix","STATE":"AZ","POP2010":41115,"POP10_SQMI":8206.6,"POP2012":37962,"POP12_SQMI":7592.4,"WHITE":20548,"BLACK":2692,"AMERI_ES":1220,"ASIAN":2056,"HAWN_PI":77,"HISPANIC":26767,"OTHER":12828,"MULT_RACE":1695,"MALES":21023,"FEMALES":20092,"AGE_UNDER5":4323,"AGE_5_9":4170,"AGE_10_14":3774,"AGE_15_19":3793,"AGE_20_24":3272,"AGE_25_34":6420,"AGE_35_44":6046,"AGE_45_54":4383,"AGE_55_64":2610,"AGE_65_74":1370,"AGE_75_84":689,"AGE_85_UP":267,"MED_AGE":26.9,"MED_AGE_M":26.9,"MED_AGE_F":27.0,"HOUSEHOLDS":12037,"AVE_HH_SZ":3.36,"HSEHLD_1_M":1460,"HSEHLD_1_F":1055,"MARHH_CHD":3443,"MARHH_NO_C":1505,"MHH_CHILD":854,"FHH_CHILD":1773,"FAMILIES":8535,"AVE_FAM_SZ":3.95,"HSE_UNITS":14682,"VACANT":2645,"OWNER_OCC":5472,"RENTER_OCC":6565,"SQMI":5.0},"geometry":{"type":"Polygon","coordinates":[[[-112.134348199989006,33.538519068799999],[-112.131700007682994,33.5385290998315],[-112.131702728866998,33.538382742813901],[-112.129971842374005,33.538393627550199],[-112.129976377681004,33.538536356322297],[-112.124073649229999,33.538550015599199],[-112.124076370414002,33.538211841783202],[-112.119655460079997,33.5381882048314],[-112.119638172557003,33.5385590862127],[-112.115676341981995,33.538567249764903],[-112.114248200556005,33.538616337791296],[-112.114058197879999,33.538530913954197],[-112.112434558052996,33.538538170445001],[-112.112438186299002,33.531250892869899],[-112.112276355880994,33.531212742936503],[-112.112083632022006,33.531332741818098],[-112.111983641845995,33.531333648879503],[-112.111648189213994,33.531163654910102],[-112.111621831077997,33.531033624997001],[-112.111680896780001,33.530925471269498],[-112.111968168447007,33.530756384361403],[-112.111969075508,33.530892710347601],[-112.111986363029999,33.530941798373902],[-112.112016349412002,33.530956364712097],[-112.112435465114999,33.530950922343898],[-112.112374531933995,33.524178161983798],[-112.112460009128,33.510987248896903],[-112.112533641167005,33.508576386526599],[-112.112969991035996,33.501129999718401],[-112.113011822570996,33.500087252655199],[-112.113106370378006,33.494877252297798],[-112.113214524105999,33.480645459626999],[-112.114790890028999,33.480568199342102],[-112.114954534568994,33.480497288486703],[-112.116149081017994,33.480439983551697],[-112.119189070472999,33.480409997170398],[-112.119243654223993,33.4803836390345],[-112.119790932360999,33.480371793880302],[-112.120305449575994,33.480374568420899],[-112.120371825123996,33.480406368925003],[-112.127559112523997,33.480409090108999],[-112.129158208337998,33.480472744473602],[-112.130033629259003,33.4804836292098],[-112.130034536319997,33.479666366928399],[-112.132680007443,33.479666366928399],[-112.132670883472002,33.480484536271199],[-112.134361805908995,33.480472744473602],[-112.134370929878997,33.482326351032199],[-112.134339983079997,33.487664567180097],[-112.136795451525998,33.487711841083701],[-112.136939087360005,33.489662716633603],[-112.136932737929996,33.489706362291798],[-112.136311827754,33.489527297708797],[-112.134327284221001,33.488800901632601],[-112.134273660887999,33.493718187954897],[-112.134219077137004,33.495339106597498],[-112.134249116874997,33.498948197018699],[-112.134197254308006,33.506213651764703],[-112.134330912465998,33.506211837641899],[-112.134327284221001,33.506960910252097],[-112.134195440184996,33.506960003190699],[-112.134187276633,33.5076863459105],[-112.134326377159994,33.5076863459105],[-112.134327284221001,33.508078196416101],[-112.134300926085004,33.509325459136697],[-112.134164546742994,33.509322737952701],[-112.134197254308006,33.511067283722397],[-112.134202750032998,33.515028207236497],[-112.134266351041006,33.523969111019603],[-112.134256373366,33.527600024269802],[-112.135195448651999,33.527600024269802],[-112.135213643235005,33.529047267341099],[-112.134397288014995,33.529044546157003],[-112.134407265690001,33.530486346860201],[-112.134258187488001,33.530484532737503],[-112.134271793408999,33.532690932806901],[-112.134409079812997,33.532693653990997],[-112.134447283103,33.536226337832097],[-112.134469105931998,33.536253656385902],[-112.134304554330996,33.5362554705086],[-112.134348199989006,33.538519068799999]]]}},
{"type":"Feature","properties":{"FID":12720,"ObjectID":12656,"ZIP":"85018","PO_NAME":"Phoenix","STATE":"AZ","POP2010":33491,"POP10_SQMI":3551.5,"POP2012":35030,"POP12_SQMI":3538.4,"WHITE":27577,"BLACK":1011,"AMERI_ES":647,"ASIAN":677,"HAWN_PI":37,"HISPANIC":6699,"OTHER":2525,"MULT_RACE":1015,"MALES":16549,"FEMALES":16942,"AGE_UNDER5":2128,"AGE_5_9":2065,"AGE_10_14":1973,"AGE_15_19":1835,"AGE_20_24":1679,"AGE_25_34":4724,"AGE_35_44":4843,"AGE_45_54":5412,"AGE_55_64":4240,"AGE_65_74":2268,"AGE_75_84":1630,"AGE_85_UP":696,"MED_AGE":39.9,"MED_AGE_M":39.3,"MED_AGE_F":40.6,"HOUSEHOLDS":15201,"AVE_HH_SZ":2.2,"HSEHLD_1_M":2672,"HSEHLD_1_F":3099,"MARHH_CHD":2515,"MARHH_NO_C":3176,"MHH_CHILD":450,"FHH_CHILD":976,"FAMILIES":8017,"AVE_FAM_SZ":2.97,"HSE_UNITS":17193,"VACANT":1992,"OWNER_OCC":8740,"RENTER_OCC":6461,"SQMI":9.9},"geometry":{"type":"MultiPolygon","coordinates":[[[[-112.012886388389006,33.518335459652498],[-112.011220009965001,33.517669089695303],[-112.006100022108001,33.515458207675699],[-112.005897267216994,33.515399995679303],[-112.002658204471999,33.5145636317528],[-112.000227280038999,33.514081822103201],[-112.000200014841994,33.514320005743897],[-112.000247288745996,33.514653644253201],[-111.995250928016006,33.513431832607097],[-111.995235454615994,33.516944561098299],[-111.995200932928,33.5176118381168],[-111.995176388914999,33.519278163183799],[-111.995160915515001,33.522667264547898],[-111.995640911042003,33.522697250929198],[-111.996043646283994,33.522833630271897],[-111.997090928654004,33.5228672982551],[-111.997120915034998,33.522901819943201],[-111.997129985648996,33.5229627531237],[-111.997112751483002,33.523939978343101],[-111.997087247051994,33.523975460449101],[-111.996968155231997,33.5239963762168],[-111.995756374617002,33.5239663898355],[-111.99535001113,33.523931814790899],[-111.995142720931995,33.524039114813597],[-111.994962749286998,33.523922744177298],[-111.994759994396006,33.523838174044997],[-111.994212716259,33.524049092488497],[-111.992684531300995,33.524698174923302],[-111.992480015644006,33.524757293981096],[-111.992052736388999,33.524810917314198],[-111.990402738425999,33.524695453739298],[-111.989348199565001,33.524777249330903],[-111.988576343708004,33.524728161304601],[-111.988137272654996,33.524637295099403],[-111.987757267304005,33.524457270098601],[-111.987587273334995,33.5243327359101],[-111.987288156513003,33.524019106107197],[-111.987140892433999,33.523907270777698],[-111.986927252807007,33.523789086018702],[-111.986497252367997,33.523680025229801],[-111.986328165459994,33.523612742619903],[-111.985597287432995,33.523003624241198],[-111.985274533660004,33.523247250250101],[-111.984720906093997,33.523535428978398],[-111.984362723572005,33.523667273014297],[-111.983801839514001,33.523777294221098],[-111.983260910807005,33.523798156632303],[-111.978788191261998,33.523803652357003],[-111.978673634749001,33.523749068606001],[-111.977819076239001,33.523753657269303],[-111.977477274177005,33.523789993080101],[-111.975923638143996,33.523749068606001],[-111.975642715907,33.523769077312402],[-111.975694525117007,33.523301834001103],[-111.975569990929003,33.5233381698119],[-111.974818197134994,33.523376373101897],[-111.973675459896,33.523220892114203],[-111.973150911649995,33.523220892114203],[-111.973086350223994,33.522162725008002],[-111.970622718225002,33.522060013648598],[-111.970511843314,33.522132738626702],[-111.969319110987001,33.5220136468064],[-111.969358167981994,33.521870010972798],[-111.969096347390007,33.520518169413499],[-111.969169979428997,33.520426342790401],[-111.968412743266995,33.517296340834697],[-111.968513640504,33.517017286076403],[-111.968790934495999,33.515845469517998],[-111.969082741468995,33.515717253727502],[-111.969023622411996,33.515480884209502],[-111.969061825701999,33.515460928859703],[-111.969004520767001,33.514732718660802],[-111.968088175370994,33.514440911686997],[-111.967914553156007,33.514297275853501],[-111.965209109271996,33.514803629516202],[-111.964443656200999,33.5150309284206],[-111.963440019488999,33.514707267586303],[-111.962731817996001,33.514599113858701],[-111.962618168543997,33.514524521401299],[-111.962242751855996,33.514476340436403],[-111.961586359574,33.514213612782498],[-111.961741840561004,33.513681808045398],[-111.960570024003005,33.513171826137302],[-111.960741832094996,33.512353656794403],[-111.960476383257003,33.511424559183503],[-111.959907282290999,33.5108745598626],[-111.958270890248997,33.510087283962399],[-111.957780009985996,33.509075430341902],[-111.957815438734997,33.508939104355797],[-111.957755465972994,33.507036356414297],[-111.956897279217003,33.5076218378411],[-111.955801815881998,33.5075708823355],[-111.954717290640005,33.5072400183669],[-111.953511806098007,33.507216381415098],[-111.951994559233,33.507311836283598],[-111.950689991576994,33.508109089858799],[-111.950433613352999,33.508500887007898],[-111.950347282454999,33.508847277732599],[-111.950411843880005,33.509599978588199],[-111.950817246949995,33.510782733239502],[-111.951641819079001,33.511327290192199],[-111.951622717434006,33.511519106990697],[-111.951907267916994,33.512088207956502],[-111.952286366207005,33.512467252890097],[-111.953041841602996,33.512957279448401],[-111.953296352348005,33.513068207716501],[-111.953419979475001,33.513166383769097],[-111.953661844717999,33.5134899912469],[-111.953982731012005,33.513741834164499],[-111.954108172261002,33.513872717782498],[-111.954217286407001,33.514019074799997],[-111.954444531955005,33.514753634428502],[-111.954472704213003,33.515049976709001],[-111.954435461341006,33.515128197411897],[-111.954360922239999,33.515135453902701],[-111.954314555398,33.515114538135002],[-111.954116389169997,33.5147200198018],[-111.954004553841003,33.514581826336403],[-111.953541792479996,33.514412739428401],[-111.953163654606996,33.5142327144276],[-111.952623632960993,33.513911828133899],[-111.952090014101998,33.513876346027899],[-111.951588195745998,33.513807249295198],[-111.951490019692997,33.5138163732653],[-111.951239990898003,33.513956380853401],[-111.950872737761998,33.514078193857799],[-111.950790888813998,33.514134538374897],[-111.950555479713998,33.514380885567903],[-111.950490011227004,33.5144136464898],[-111.949452706532,33.514443632871],[-111.949289115347995,33.5143581556774],[-111.949188164755,33.514273638901699],[-111.949124563747006,33.5141827193399],[-111.948990905588005,33.513878160150597],[-111.948968175697999,33.513764564055002],[-111.948927251224006,33.513723639580803],[-111.948726363812,33.513647286357298],[-111.948540896443006,33.513608176005903],[-111.947963631925006,33.513622742344197],[-111.946174533435993,33.513290917957598],[-111.945649078128,33.513256342913003],[-111.945676343325005,33.5129282001284],[-111.945669993896004,33.512810015369404],[-111.945634565145994,33.512779068570303],[-111.945078163039,33.512708157714897],[-111.944901819639995,33.5126063534168],[-111.944687272951995,33.512392713789303],[-111.944632742557005,33.512369076837501],[-111.943582739003006,33.512290909491298],[-111.943277272751999,33.512298165982102],[-111.943284529243002,33.5092172520527],[-111.943281808058998,33.506668196216999],[-111.943467275428006,33.506780885251302],[-111.943979978520005,33.506770907576403],[-111.944069083958993,33.506736385888303],[-111.944158189397996,33.506731797225001],[-111.944719073456,33.506815460295897],[-111.945197254860005,33.506934552116199],[-111.945508163477996,33.506950025515799],[-111.945672715079994,33.5069036586736],[-111.946330014422998,33.506567298980301],[-111.946635480674004,33.5064618130803],[-111.946943614752001,33.506504551677097],[-111.947090932188004,33.506496388124901],[-111.948081816683995,33.506367265273099],[-111.948163612276005,33.506319084308103],[-111.948219103087993,33.506253615820903],[-111.948310022650006,33.505949109988101],[-111.948411826948004,33.5057845583869],[-111.948762752978993,33.505408181280799],[-111.950433613352999,33.504568189108902],[-111.950610010107994,33.504500906498897],[-111.950780911139006,33.504493650008101],[-111.950826370919998,33.504136374547002],[-111.950879087192007,33.503920920796801],[-111.950948183923998,33.503766346870499],[-111.951194531116997,33.503475446957999],[-111.951713636996004,33.5031681665847],[-111.951907267916994,33.503005429106103],[-111.952012753817002,33.502841837922801],[-111.952062748903998,33.502704551518796],[-111.952075447762994,33.502390014654601],[-111.951960891249996,33.502189073886001],[-111.951698163596006,33.5019436337545],[-111.952020010308004,33.501937284325003],[-111.951997280417004,33.500930926429099],[-111.952029080920994,33.4982736101528],[-111.952018196184994,33.497053612629401],[-111.952041833137002,33.496439105239197],[-111.952033616227993,33.494477291596503],[-111.952095456470005,33.494261837846203],[-111.952101805899005,33.493893624292397],[-111.952047275504995,33.491438155845998],[-111.952104527082994,33.491338165670598],[-111.951950913575004,33.491429085232397],[-111.952064563026994,33.491130928829101],[-111.952096363530998,33.490598163674001],[-111.952029080920994,33.490540005034198],[-111.952102712960993,33.490445457226997],[-111.952100898837998,33.4874208878147],[-111.949924538505996,33.487450020491202],[-111.949482746268998,33.4872508938453],[-111.949361840326006,33.486957272748803],[-111.949889109756995,33.486489069019697],[-111.949856348834999,33.485525449720598],[-111.949771832059,33.4854381584043],[-111.949715434184995,33.485333632922199],[-111.949724558156007,33.4851827405978],[-111.949697292958007,33.4850763476365],[-111.949523617387001,33.484854544456702],[-111.949315473484006,33.4847109086232],[-111.948879070258997,33.484698156407703],[-111.948877256136001,33.483667254498698],[-111.948919994733004,33.481670012106498],[-111.949632731532006,33.481676361536003],[-111.949639080962001,33.482131813049698],[-111.949662717913995,33.482150914694699],[-111.950034559713004,33.482162706492304],[-111.950524532914997,33.482150914694699],[-111.951203655086999,33.4818091126333],[-111.951236362653006,33.481762745791002],[-111.951243619143995,33.481660888136403],[-111.951273658880993,33.481600915373903],[-111.951785454911999,33.481321807259],[-111.951898197302995,33.481443620263398],[-111.952195446645007,33.481647282216102],[-111.952380914014,33.481743644146],[-111.952955457347997,33.481969075571101],[-111.953118194826999,33.482092702698303],[-111.954256343401994,33.4816627022592],[-111.956773652090007,33.480481815087103],[-111.957149068777994,33.480479093903099],[-111.957303642704005,33.480350931469196],[-111.957816345796999,33.480149083639198],[-111.957780917047003,33.4800472793412],[-111.960270000120005,33.480020014144003],[-111.960955471722002,33.480016385898502],[-111.975112725292007,33.480069102170297],[-111.981592718260998,33.480133610239598],[-111.981940923107999,33.480109973287803],[-111.981990918196004,33.4801572471914],[-111.983236366794003,33.480190915174703],[-111.984715463726005,33.4801772558978],[-111.984915444075995,33.4802272509855],[-111.985140928858002,33.480208202697],[-111.985113610303998,33.4801827516225],[-111.987075477304003,33.480259104845999],[-111.993279990402996,33.480407275986302],[-112.012917281830994,33.480482722148501],[-112.012994542116004,33.496648156203399],[-112.013002705668995,33.509247291790501],[-112.013039094836003,33.511591831968801],[-112.012886388389006,33.518335459652498]]],[[[-111.997000009092005,33.544670918983897],[-111.997041840628,33.541920922379703],[-111.997019110737,33.541689995229802],[-111.996899111855001,33.541632743651299],[-111.996650897183002,33.541595447422601],[-111.995613645844998,33.541678203432198],[-111.995208189419003,33.540023616806401],[-111.995157287270004,33.536319071516601],[-111.995188180712006,33.5336390787064],[-111.995146349177006,33.533441819539803],[-111.995195437202995,33.531840002542197],[-112.004007271491005,33.531870895984802],[-112.004066337192,33.531823622081198],[-112.004127270373004,33.531726353090001],[-112.005150008729998,33.531830931928603],[-112.006720932285006,33.531823622081198],[-112.006710901253001,33.532142747608802],[-112.006666348533997,33.532523660021603],[-112.006395457327002,33.532932744692999],[-112.005994536207993,33.533321820658102],[-112.005952704673007,33.5334490760306],[-112.005899988400998,33.533775458049],[-112.006082734586002,33.5337954667554],[-112.006569986604006,33.533560911360098],[-112.006927262065005,33.533483651075201],[-112.007118171802006,33.533481836952497],[-112.007153653908006,33.533917279759798],[-112.007122707109005,33.539677279438102],[-112.006019987282997,33.540841839505703],[-112.002937259231004,33.5409736301851],[-112.002917250524007,33.541301826326098],[-112.002948197322993,33.541810901172902],[-112.002918157585995,33.542007253278101],[-112.002669996270001,33.542662738498997],[-112.002545462081997,33.543287276920701],[-112.002469108857994,33.543532717052202],[-112.002383631664003,33.543699989837499],[-112.002247252321993,33.543892713697304],[-112.001659103066999,33.544490893983102],[-112.001638187300003,33.5445981940059],[-112.001658196006005,33.544642746725401],[-111.998523658744006,33.544711843458003],[-111.997000009092005,33.544670918983897]]]]}},
{"type":"Feature","properties":{"FID":12740,"ObjectID":12657,"ZIP":"85019","PO_NAME":"Phoenix","STATE":"AZ","POP2010":23777,"POP10_SQMI":5989.2,"POP2012":27279,"POP12_SQMI":6819.8,"WHITE":12193,"BLACK":1285,"AMERI_ES":608,"ASIAN":772,"HAWN_PI":42,"HISPANIC":16345,"OTHER":7876,"MULT_RACE":1001,"MALES":12028,"FEMALES":11749,"AGE_UNDER5":2375,"AGE_5_9":2330,"AGE_10_14":2229,"AGE_15_19":2203,"AGE_20_24":1773,"AGE_25_34":3433,"AGE_35_44":3376,"AGE_45_54":2723,"AGE_55_64":1603,"AGE_65_74":950,"AGE_75_84":609,"AGE_85_UP":174,"MED_AGE":27.8,"MED_AGE_M":27.3,"MED_AGE_F":28.4,"HOUSEHOLDS":6440,"AVE_HH_SZ":3.69,"HSEHLD_1_M":629,"HSEHLD_1_F":539,"MARHH_CHD":1889,"MARHH_NO_C":990,"MHH_CHILD":422,"FHH_CHILD":986,"FAMILIES":4891,"AVE_FAM_SZ":4.13,"HSE_UNITS":7693,"VACANT":1253,"OWNER_OCC":3623,"RENTER_OCC":2817,"SQMI":4.0},"geometry":{"type":"Polygon","coordinates":[[[-112.134348199989006,33.538519068799999],[-112.134304554330996,33.5362554705086],[-112.134469105931998,33.536253656385902],[-112.134447283103,33.536226337832097],[-112.134409079812997,33.532693653990997],[-112.134271793408999,33.532690932806901],[-112.134258187488001,33.530484532737503],[-112.134407265690001,33.530486346860201],[-112.134397288014995,33.529044546157003],[-112.135213643235005,33.529047267341099],[-112.135195448651999,33.527600024269802],[-112.134256373366,33.527600024269802],[-112.134266351041006,33.523969111019603],[-112.134202750032998,33.515028207236497],[-112.134197254308006,33.511067283722397],[-112.134164546742994,33.509322737952701],[-112.134300926085004,33.509325459136697],[-112.134327284221001,33.508078196416101],[-112.134326377159994,33.5076863459105],[-112.134187276633,33.5076863459105],[-112.134195440184996,33.506960003190699],[-112.134327284221001,33.506960910252097],[-112.134330912465998,33.506211837641899],[-112.134197254308006,33.506213651764703],[-112.134249116874997,33.498948197018699],[-112.134219077137004,33.495339106597498],[-112.134273660887999,33.493718187954897],[-112.134327284221001,33.488800901632601],[-112.136311827754,33.489527297708797],[-112.136932737929996,33.489706362291798],[-112.136939087360005,33.489662716633603],[-112.136795451525998,33.487711841083701],[-112.134339983079997,33.487664567180097],[-112.134370929878997,33.482326351032199],[-112.134361805908995,33.480472744473602],[-112.137636350760005,33.4804236564473],[-112.143169104890006,33.4804536428286],[-112.143306337938,33.4803481569285],[-112.144773643072,33.480340900437703],[-112.144893641953004,33.4804536428286],[-112.151658185404997,33.480461806380703],[-112.151672751743007,33.494932743110098],[-112.151586367487994,33.506593657116099],[-112.151610004440002,33.508246376262697],[-112.151684543540995,33.508350901744897],[-112.151664534833998,33.509508205321602],[-112.151608190317006,33.5117681753676],[-112.15152724843,33.5118881742493],[-112.151543628891005,33.513298174448401],[-112.151529115909995,33.515931800416404],[-112.151519084878004,33.516683647567199],[-112.151469089790993,33.517390888641899],[-112.151514549571004,33.518980006780502],[-112.151434568102005,33.538386371059303],[-112.150137256937995,33.538393627550199],[-112.150013629810999,33.538452746607902],[-112.138612722274004,33.538506369940997],[-112.138612722274004,33.538360919984797],[-112.137501838896,33.538364548230199],[-112.137503653018996,33.538507277002402],[-112.134348199989006,33.538519068799999]]]}},
{"type":"Feature","properties":{"FID":12749,"ObjectID":12658,"ZIP":"85020","PO_NAME":"Phoenix","STATE":"AZ","POP2010":31792,"POP10_SQMI":3393.0,"POP2012":33698,"POP12_SQMI":3584.9,"WHITE":24905,"BLACK":1138,"AMERI_ES":653,"ASIAN":682,"HAWN_PI":39,"HISPANIC":8629,"OTHER":3386,"MULT_RACE":989,"MALES":15690,"FEMALES":16102,"AGE_UNDER5":1913,"AGE_5_9":1799,"AGE_10_14":1713,"AGE_15_19":1662,"AGE_20_24":1744,"AGE_25_34":4366,"AGE_35_44":4298,"AGE_45_54":4810,"AGE_55_64":4465,"AGE_65_74":2681,"AGE_75_84":1570,"AGE_85_UP":769,"MED_AGE":41.4,"MED_AGE_M":39.4,"MED_AGE_F":43.3,"HOUSEHOLDS":14604,"AVE_HH_SZ":2.15,"HSEHLD_1_M":2588,"HSEHLD_1_F":3433,"MARHH_CHD":1836,"MARHH_NO_C":2943,"MHH_CHILD":422,"FHH_CHILD":994,"FAMILIES":7127,"AVE_FAM_SZ":2.98,"HSE_UNITS":17101,"VACANT":2497,"OWNER_OCC":8406,"RENTER_OCC":6198,"SQMI":9.4},"geometry":{"type":"Polygon","coordinates":[[[-112.037966368091006,33.5967654801902],[-112.038458155415,33.5961682069657],[-112.038791793925,33.595858205408298],[-112.038560920131005,33.595756347753699],[-112.035208207934005,33.596200007469697],[-112.034775432955001,33.594931828981402],[-112.034707296639994,33.593789998804198],[-112.034560886265993,33.593350927751501],[-112.034891803590995,33.591512741235903],[-112.035042749271994,33.591143620620699],[-112.034458174906007,33.591019993493603],[-112.034319981441001,33.591180009787998],[-112.034297251550996,33.5911627222657],[-112.033441839336007,33.591175474481297],[-112.032677293326003,33.591150930468103],[-112.032669983478002,33.588070016538701],[-112.032636368851996,33.588027277941897],[-112.032194523257999,33.588004548051401],[-112.033209098062997,33.587736378029398],[-112.033990024534006,33.587873611076901],[-112.034654527011995,33.587863633402002],[-112.035187292166995,33.587753612195201],[-112.035731795762999,33.5857863561844],[-112.038151835459999,33.585452717675103],[-112.038103654495004,33.584785440656603],[-112.038881806424996,33.584036368046498],[-112.038890023334005,33.583855435984297],[-112.039675431755001,33.5837836180675],[-112.039695440461003,33.581865450083001],[-112.040316350636999,33.581857286530798],[-112.040216360461997,33.580795437822601],[-112.040117277348003,33.580699982954002],[-112.039796337697993,33.580635474884701],[-112.039773661164006,33.580815446529002],[-112.038921823837995,33.580508166155603],[-112.038610915218996,33.579906357624402],[-112.036397258658994,33.579704563150997],[-112.036543615675996,33.580050900519197],[-112.036388188044995,33.580133656528801],[-112.035018205258993,33.580208195629602],[-112.034931821003994,33.580282734730403],[-112.034060935388993,33.580465480915301],[-112.032914569905003,33.580380910782999],[-112.032033653259006,33.580509073216902],[-112.030516353037001,33.580245438501699],[-112.030519074221004,33.580202753261503],[-112.030158170514994,33.580154518939899],[-112.029888186370002,33.579729107164098],[-112.029944530886993,33.579255461066801],[-112.030182714527996,33.5790600160229],[-112.030340009637996,33.578788164399],[-112.030418176984995,33.578470906350702],[-112.030566348125006,33.578358163959798],[-112.030768195955005,33.578313611240297],[-112.032959069268003,33.578353628653097],[-112.032879087799003,33.576968172467097],[-112.032929082886994,33.576859111678203],[-112.033953635366004,33.576888190998098],[-112.034808193876998,33.576771820361799],[-112.034629982997998,33.576314554725499],[-112.034846343810003,33.575589065710602],[-112.034841808503003,33.574549093187997],[-112.034691823239996,33.574206384065199],[-112.033907268524004,33.573228198427898],[-112.033705474051004,33.572730915378798],[-112.033255464904997,33.571850905794101],[-112.028856377400004,33.567372743881101],[-112.029791824439997,33.566768160809197],[-112.030688161129007,33.5662790946689],[-112.035354564952002,33.5640354517273],[-112.036241831027993,33.563557270323201],[-112.036653636883003,33.563260928042602],[-112.037219109603001,33.5627299770102],[-112.037539995897006,33.562339993983798],[-112.037808165919003,33.561928188128398],[-112.038029115393996,33.561496373566499],[-112.038193613638995,33.561049992666398],[-112.038326364735994,33.560420918937901],[-112.038358165239998,33.559888207139402],[-112.038332714166003,33.559121793650398],[-112.038007292564998,33.553711812942304],[-112.037776365414999,33.552150920418804],[-112.034124536397002,33.552287246404902],[-112.030076374922999,33.5527399767345],[-112.029528189724999,33.552742751275098],[-112.029020021939999,33.548474547387599],[-112.029286377839,33.545273634576503],[-112.029498203344005,33.543621822491303],[-112.030137254747004,33.541520001260501],[-112.030817283980994,33.5412300084094],[-112.030750908433006,33.541099978496199],[-112.030742744880001,33.540975444307797],[-112.030777266567995,33.540033647837802],[-112.030622745998997,33.539340919744802],[-112.030597294923993,33.539100014920002],[-112.030576379156003,33.538219098273998],[-112.030641794287007,33.537974565203797],[-112.031259076218006,33.538342725401201],[-112.031332708256997,33.538360919984797],[-112.033193624662999,33.538360012923398],[-112.033238177382998,33.538340911278397],[-112.033349105650998,33.538219098273998],[-112.033748159290994,33.537729978777101],[-112.034505448809995,33.538062710224999],[-112.035064572101007,33.538223633580799],[-112.035767277868999,33.538332747726201],[-112.036706353154997,33.538358198800701],[-112.036711795523004,33.537497290861097],[-112.038259989186997,33.537507268535997],[-112.038719976007997,33.537463622877802],[-112.038721843486996,33.538237292857701],[-112.040570914739007,33.538189111892699],[-112.040582706536995,33.534660910001797],[-112.04103815805,33.534660910001797],[-112.041091834740001,33.534708183905401],[-112.041109975967004,33.534777280638103],[-112.041121821120996,33.536422743293897],[-112.041191824915003,33.536950919785703],[-112.041216368928005,33.537782748405398],[-112.041295443335997,33.538014529260003],[-112.041548193314995,33.538253619962099],[-112.042681806583005,33.538229075948898],[-112.042623647943003,33.538367269414302],[-112.043820915576006,33.5383481677693],[-112.043973622023003,33.538339097155699],[-112.044076386738993,33.538289102067999],[-112.047473651656006,33.538245456409904],[-112.054509086313004,33.538241828164502],[-112.054508179251997,33.536382725881097],[-112.055206349713004,33.536378190574297],[-112.055270004077997,33.536353646561203],[-112.055326348595003,33.5362899921967],[-112.055354520853001,33.534595441514597],[-112.056258167389998,33.534615450220898],[-112.056259074451006,33.536377283512998],[-112.056297277740995,33.538258155268799],[-112.060670914171993,33.538259115686799],[-112.065070908739003,33.538289102067999],[-112.068876351265004,33.538290916190803],[-112.073750898990994,33.538316367265303],[-112.073881835964997,33.551319091799101],[-112.073922707083,33.553259082612698],[-112.073914543531004,33.554257276956399],[-112.073827252214002,33.554259091079103],[-112.073829066336998,33.554654569830198],[-112.073915450591997,33.554737272483202],[-112.073899070131006,33.5625545406727],[-112.073951839759005,33.562606349883097],[-112.074000927786003,33.562746357471198],[-112.073938180482997,33.562794538436201],[-112.073926388684995,33.567745439385199],[-112.073887278333004,33.567792713288803],[-112.073816367478003,33.567807279626997],[-112.073788195220004,33.568319982719203],[-112.073769093574001,33.570898171231299],[-112.073783659913005,33.571313658688801],[-112.073842725614,33.5713790738195],[-112.073821809845995,33.572808175663702],[-112.07387820772,33.5733727413228],[-112.073846353858997,33.574405457354501],[-112.073913636469001,33.574532712726999],[-112.073936366360002,33.574904554526299],[-112.073905472917005,33.574980907749897],[-112.073805429385004,33.575035438144297],[-112.073753620174998,33.575100906631597],[-112.073760930022004,33.575288188123203],[-112.073794544649004,33.575422753343197],[-112.073699089780007,33.576982738805299],[-112.073713656118997,33.578047255340998],[-112.073593657236998,33.5780763880175],[-112.073502737675,33.5781408960869],[-112.073175448594995,33.578532746592501],[-112.073129081752995,33.578609099816099],[-112.073078179603996,33.578809987228098],[-112.073047286161994,33.578852725824902],[-112.072892712235003,33.578939110079901],[-112.072703616620998,33.578947273632103],[-112.072666373749001,33.578939110079901],[-112.072419066137996,33.5787836290922],[-112.072240001555002,33.578739983433998],[-112.070990017650004,33.578758178017701],[-112.070800014975006,33.578826367688997],[-112.070708188351006,33.578899999728499],[-112.070611826421995,33.5790400073166],[-112.070561831334004,33.579289075693502],[-112.070550893241005,33.579529073456897],[-112.070626339403006,33.580343614554401],[-112.070603662869004,33.580497281419298],[-112.070502712275996,33.580690912340501],[-112.070006389645002,33.5812281594458],[-112.069943642341997,33.581217274709502],[-112.069851815719005,33.580780924840901],[-112.069361842516997,33.579239080605902],[-112.069356346792006,33.578835438302598],[-112.069449987537993,33.578725470452298],[-112.069423629401996,33.578172749947399],[-112.066143642182993,33.578610913938803],[-112.066319078521005,33.580231832581397],[-112.065142726656006,33.580420021134401],[-112.065149983146995,33.581403649139801],[-112.065097266875,33.5818909011575],[-112.065180929945996,33.581990891332801],[-112.064963662072998,33.582627274908702],[-112.064249111151,33.583901802826503],[-112.063899999241997,33.5874781856824],[-112.064620899592995,33.588620922920903],[-112.065586386372004,33.589969082878198],[-112.065811817796998,33.590323637155201],[-112.066144549244996,33.5910472586908],[-112.06632729543,33.591684549328001],[-112.066396338806001,33.592132744350799],[-112.066428192665995,33.592867250622703],[-112.066403648652994,33.593440886895401],[-112.066339994288995,33.593956364528204],[-112.066248167666004,33.594421793716698],[-112.066092740033994,33.594983638191799],[-112.065935444923994,33.595430926153199],[-112.065608155844004,33.596199100408398],[-112.065505444484998,33.596457292755503],[-112.065392702094002,33.5968409263523],[-112.065333636393007,33.597169069136903],[-112.065311813563994,33.597475442448903],[-112.065383631480003,33.603329082873103],[-112.065350016853998,33.6037936583568],[-112.065206381020005,33.604786356975801],[-112.065250933740003,33.607529097089198],[-112.061211842879004,33.607550919918303],[-112.0605436588,33.607531818273301],[-112.059903646978,33.607459093295198],[-112.059277294433997,33.607343629720297],[-112.058663640749003,33.607181799303099],[-112.058069995769998,33.606978190706997],[-112.057230910659001,33.606590928864698],[-112.056711804781003,33.606285462613997],[-112.047440890733995,33.6000781749743],[-112.046236366610003,33.599346389886399],[-112.045622712924995,33.599012751377202],[-112.044496356146993,33.598480893283501],[-112.043635448206999,33.5981309276698],[-112.042570024610001,33.597765435299998],[-112.041518206934001,33.5974527125585],[-112.040880009234996,33.5972818115278],[-112.039731829627996,33.597040906703],[-112.037966368091006,33.5967654801902]]]}},
{"type":"Feature","properties":{"FID":12758,"ObjectID":12659,"ZIP":"85021","PO_NAME":"Phoenix","STATE":"AZ","POP2010":37659,"POP10_SQMI":5304.1,"POP2012":37930,"POP12_SQMI":5342.3,"WHITE":24835,"BLACK":2497,"AMERI_ES":1687,"ASIAN":1396,"HAWN_PI":72,"HISPANIC":12590,"OTHER":5794,"MULT_RACE":1378,"MALES":18892,"FEMALES":18767,"AGE_UNDER5":3087,"AGE_5_9":2710,"AGE_10_14":2431,"AGE_15_19":2614,"AGE_20_24":3143,"AGE_25_34":5650,"AGE_35_44":4930,"AGE_45_54":4835,"AGE_55_64":3769,"AGE_65_74":2082,"AGE_75_84":1462,"AGE_85_UP":945,"MED_AGE":33.5,"MED_AGE_M":32.3,"MED_AGE_F":34.8,"HOUSEHOLDS":15022,"AVE_HH_SZ":2.47,"HSEHLD_1_M":2375,"HSEHLD_1_F":2725,"MARHH_CHD":2491,"MARHH_NO_C":2716,"MHH_CHILD":628,"FHH_CHILD":1540,"FAMILIES":8435,"AVE_FAM_SZ":3.21,"HSE_UNITS":17602,"VACANT":2580,"OWNER_OCC":6391,"RENTER_OCC":8631,"SQMI":7.1},"geometry":{"type":"Polygon","coordinates":[[[-112.117090930844,33.581907281618399],[-112.117097280273995,33.582069112035597],[-112.114501804238998,33.582030001684302],[-112.114386340663998,33.581973657167097],[-112.112369089566002,33.5819663473197],[-112.108122708508006,33.581979099535197],[-112.099642751963003,33.582084532078703],[-112.099576376414007,33.5807963448839],[-112.099577283475995,33.578473627534798],[-112.097282738385005,33.578479069902897],[-112.097290901937001,33.581216367648203],[-112.097271800292006,33.581276340410703],[-112.097218176959004,33.581292720871701],[-112.095584559456995,33.581280929074097],[-112.093747280003001,33.581301791485203],[-112.091255475745996,33.581292720871701],[-112.091268174605005,33.582100912539602],[-112.084441844267999,33.582180894008602],[-112.082925451107997,33.582240013066297],[-112.082763620690997,33.582218190237299],[-112.082644528870006,33.582152721749999],[-112.081268196653994,33.581781840368599],[-112.080747276653,33.582140022890997],[-112.079917262156002,33.582208159205798],[-112.073630900108995,33.582480010829798],[-112.072842717148006,33.582480010829798],[-112.072665466686999,33.582522749426602],[-112.071952729887997,33.582586350434603],[-112.071597268549993,33.582459095061999],[-112.070196338963996,33.581486351792897],[-112.069946363526,33.581398206771702],[-112.069943642341997,33.581217274709502],[-112.070006389645002,33.5812281594458],[-112.070502712275996,33.580690912340501],[-112.070603662869004,33.580497281419298],[-112.070626339403006,33.580343614554401],[-112.070550893241005,33.579529073456897],[-112.070561831334004,33.579289075693502],[-112.070611826421995,33.5790400073166],[-112.070708188351006,33.578899999728499],[-112.070800014975006,33.578826367688997],[-112.070990017650004,33.578758178017701],[-112.072240001555002,33.578739983433998],[-112.072419066137996,33.5787836290922],[-112.072666373749001,33.578939110079901],[-112.072703616620998,33.578947273632103],[-112.072892712235003,33.578939110079901],[-112.073047286161994,33.578852725824902],[-112.073078179603996,33.578809987228098],[-112.073129081752995,33.578609099816099],[-112.073175448594995,33.578532746592501],[-112.073502737675,33.5781408960869],[-112.073593657236998,33.5780763880175],[-112.073713656118997,33.578047255340998],[-112.073699089780007,33.576982738805299],[-112.073794544649004,33.575422753343197],[-112.073760930022004,33.575288188123203],[-112.073753620174998,33.575100906631597],[-112.073805429385004,33.575035438144297],[-112.073905472917005,33.574980907749897],[-112.073936366360002,33.574904554526299],[-112.073913636469001,33.574532712726999],[-112.073846353858997,33.574405457354501],[-112.07387820772,33.5733727413228],[-112.073821809845995,33.572808175663702],[-112.073842725614,33.5713790738195],[-112.073783659913005,33.571313658688801],[-112.073769093574001,33.570898171231299],[-112.073788195220004,33.568319982719203],[-112.073816367478003,33.567807279626997],[-112.073887278333004,33.567792713288803],[-112.073926388684995,33.567745439385199],[-112.073938180482997,33.562794538436201],[-112.074000927786003,33.562746357471198],[-112.073951839759005,33.562606349883097],[-112.073899070131006,33.5625545406727],[-112.073915450591997,33.554737272483202],[-112.073829066336998,33.554654569830198],[-112.073827252214002,33.554259091079103],[-112.073914543531004,33.554257276956399],[-112.073922707083,33.553259082612698],[-112.073881835964997,33.551319091799101],[-112.073750898990994,33.538316367265303],[-112.082230001830993,33.5383527030761],[-112.091120003464994,33.5385090911251],[-112.099574562292005,33.538646377529098],[-112.108188176995,33.538616337791296],[-112.109830011404995,33.538630904129498],[-112.110343621558997,33.538609988361699],[-112.110469116165007,33.538677270971696],[-112.110540934081996,33.538681806278497],[-112.112437279237,33.538705443230299],[-112.112491809632004,33.553022713094698],[-112.112620932484006,33.553118167963298],[-112.112677277000998,33.553134548424197],[-112.112491809632004,33.553209087525097],[-112.112510004214997,33.554760002373698],[-112.112592706868,33.5554963761248],[-112.112681812307002,33.555966340620202],[-112.112901801364004,33.556799983362602],[-112.113138170881996,33.557461818012897],[-112.113425442549001,33.558110900447801],[-112.113775461520007,33.558752726391702],[-112.115247248604007,33.561110925846897],[-112.115760912113998,33.561979090277397],[-112.116196354921001,33.562846347646499],[-112.116500914111,33.5635581773845],[-112.116795442268995,33.564378160850097],[-112.117036347093006,33.565205454162999],[-112.117221814461999,33.566045446334897],[-112.117400025340004,33.567317253068701],[-112.117450927489003,33.568169090394797],[-112.117449113367002,33.568768177742001],[-112.117287282950002,33.571629102614402],[-112.117131801962003,33.575392713605297],[-112.117090930844,33.581907281618399]]]}},
{"type":"Feature","properties":{"FID":12765,"ObjectID":12660,"ZIP":"85022","PO_NAME":"Phoenix","STATE":"AZ","POP2010":45365,"POP10_SQMI":5018.3,"POP2012":46815,"POP12_SQMI":5201.7,"WHITE":36897,"BLACK":1689,"AMERI_ES":664,"ASIAN":1394,"HAWN_PI":54,"HISPANIC":8325,"OTHER":3380,"MULT_RACE":1286,"MALES":21951,"FEMALES":23414,"AGE_UNDER5":2909,"AGE_5_9":2521,"AGE_10_14":2501,"AGE_15_19":2656,"AGE_20_24":3541,"AGE_25_34":7093,"AGE_35_44":5811,"AGE_45_54":6977,"AGE_55_64":5944,"AGE_65_74":3188,"AGE_75_84":1625,"AGE_85_UP":598,"MED_AGE":37.6,"MED_AGE_M":35.7,"MED_AGE_F":39.5,"HOUSEHOLDS":19984,"AVE_HH_SZ":2.26,"HSEHLD_1_M":2940,"HSEHLD_1_F":3734,"MARHH_CHD":2921,"MARHH_NO_C":4630,"MHH_CHILD":658,"FHH_CHILD":1720,"FAMILIES":11306,"AVE_FAM_SZ":2.9,"HSE_UNITS":22278,"VACANT":2294,"OWNER_OCC":11369,"RENTER_OCC":8615,"SQMI":9.0},"geometry":{"type":"Polygon","coordinates":[[[-112.030857248036995,33.655042731666498],[-112.030846363300995,33.6448563792855],[-112.030862743762,33.640421809674102],[-112.030791832906999,33.636689092125799],[-112.030781801874994,33.633180898941198],[-112.030728178542006,33.628859071720697],[-112.030696378038002,33.623219070924101],[-112.030632723674003,33.619950021798203],[-112.030659081809006,33.619580901182999],[-112.030742744880001,33.619249983857799],[-112.030880884989003,33.618931818748202],[-112.031071794726003,33.618633662344898],[-112.031320916460004,33.618349111861903],[-112.031648205539994,33.618072724931203],[-112.031847278829005,33.617938159711301],[-112.032792703544004,33.617419107189598],[-112.033339074620002,33.617039101838103],[-112.033786362580997,33.616597256244802],[-112.034041833743998,33.616255454183403],[-112.034212734774997,33.615958204841398],[-112.034394520541994,33.615531832647697],[-112.035823622386005,33.611080882575401],[-112.036050921289998,33.610097254569901],[-112.036172734294993,33.609142705884402],[-112.035091837297998,33.609076383692397],[-112.035051819884998,33.609051839679204],[-112.035000917735999,33.608999070050899],[-112.034977280785,33.608868186433],[-112.034977280785,33.607553641102399],[-112.034651805828005,33.607539074764098],[-112.034359998854001,33.607465442724703],[-112.033566373523996,33.607115477111002],[-112.033881817449995,33.606620915245998],[-112.033870932713,33.606553632636],[-112.033838171791999,33.606523646254701],[-112.033639098501993,33.606465434258297],[-112.033170894772994,33.606386359850703],[-112.032956348083999,33.6063282012108],[-112.032720885627995,33.606206388206402],[-112.032464560760005,33.605983624608797],[-112.032013644553004,33.605788179564897],[-112.031949990187996,33.605540925310599],[-112.031789066832005,33.605333635112601],[-112.031723651701995,33.605175432940797],[-112.031723651701995,33.604109102282401],[-112.030567255186,33.604107288159703],[-112.030555463389007,33.603396365483],[-112.030493623146995,33.602358207083199],[-112.030469079133994,33.600433636312601],[-112.030449977488999,33.597641808172902],[-112.030487273717,33.596671839444298],[-112.030729992665002,33.596670932382999],[-112.030790018784003,33.596595432864298],[-112.030833611085995,33.596582734005302],[-112.034831830827997,33.596611813325197],[-112.034897299316,33.596632729093002],[-112.034923657451998,33.596690887732798],[-112.037056372124994,33.596701825825598],[-112.037966368091006,33.5967654801902],[-112.039731829627996,33.597040906703],[-112.040880009234996,33.5972818115278],[-112.041518206934001,33.5974527125585],[-112.042570024610001,33.597765435299998],[-112.043635448206999,33.5981309276698],[-112.044496356146993,33.598480893283501],[-112.045622712924995,33.599012751377202],[-112.046236366610003,33.599346389886399],[-112.047440890733995,33.6000781749743],[-112.056711804781003,33.606285462613997],[-112.057230910659001,33.606590928864698],[-112.058069995769998,33.606978190706997],[-112.058663640749003,33.607181799303099],[-112.059277294433997,33.607343629720297],[-112.059903646978,33.607459093295198],[-112.0605436588,33.607531818273301],[-112.061211842879004,33.607550919918303],[-112.065250933740003,33.607529097089198],[-112.065206381020005,33.604786356975801],[-112.065350016853998,33.6037936583568],[-112.065383631480003,33.603329082873103],[-112.065311813563994,33.597475442448903],[-112.065333636393007,33.597169069136903],[-112.065392702094002,33.5968409263523],[-112.065505444484998,33.596457292755503],[-112.065608155844004,33.596199100408398],[-112.065669996086001,33.596296369399603],[-112.066350932380999,33.596109994969297],[-112.070888159996002,33.600129077123299],[-112.071381814798997,33.600438171619402],[-112.071731833770002,33.6008563802609],[-112.072554538418999,33.601417264318002],[-112.072732749297003,33.601611802300503],[-112.072670909056001,33.601748181643202],[-112.072753611709004,33.601984551161202],[-112.072980910612998,33.602351804297101],[-112.073213651885993,33.602580010262898],[-112.073427291512999,33.602838202610002],[-112.073698182718999,33.603051842237498],[-112.073962724495999,33.6034918203516],[-112.074081816315996,33.6036418056146],[-112.074321814078999,33.603811799583902],[-112.074292734758998,33.603932705527001],[-112.074367273860005,33.603999988136998],[-112.073980012017998,33.604730012458703],[-112.074019976073998,33.604978173774299],[-112.074448162390993,33.606201799543101],[-112.074474520525996,33.606371793512501],[-112.074509095571003,33.607031814040099],[-112.074510909693998,33.607640932418697],[-112.074523661908998,33.614162703566102],[-112.074518166185001,33.614875440365502],[-112.074497250416997,33.614989996879103],[-112.074437277653999,33.615088172931699],[-112.074345451030993,33.6151781854321],[-112.074117298421996,33.615270919116597],[-112.071857275018999,33.615287246221001],[-112.071869066817001,33.616914567649701],[-112.071922743507002,33.617198157714697],[-112.072003632036996,33.617426363680501],[-112.072295439011,33.6180445526726],[-112.073541794670007,33.618038203243202],[-112.073567299101001,33.622828180836301],[-112.073500923552999,33.622948179718001],[-112.073360915964003,33.623070899783798],[-112.073730890283997,33.623379994279901],[-112.074080909255002,33.623395467679501],[-112.074097289715993,33.630076348060001],[-112.074077281008996,33.630294522994298],[-112.074029100044001,33.630434530582399],[-112.073839097369003,33.630746346262598],[-112.075102740549994,33.632871804445202],[-112.075524524081004,33.632871804445202],[-112.075729093093997,33.633077280520503],[-112.075433657874996,33.633120926178698],[-112.075329079037004,33.633159983173499],[-112.075185443202997,33.633286384841298],[-112.075062723136995,33.6335109092051],[-112.075543625725999,33.633333658744803],[-112.075618164825997,33.633483644007804],[-112.074884565616003,33.633768194490798],[-112.074079095132007,33.6341836285917],[-112.070619989974006,33.636388161181898],[-112.07006817653,33.636710007893498],[-112.069694520607996,33.636893661139801],[-112.070256365082997,33.637799068442398],[-112.070330904184004,33.638000916272297],[-112.070361797627001,33.638213648838502],[-112.070319112386002,33.6386463704617],[-112.070208184118002,33.638888182347799],[-112.070027252055993,33.639194555659799],[-112.069911841838007,33.639467260988603],[-112.069876359732007,33.639677272370697],[-112.069856351024995,33.640193657064899],[-112.074154541294007,33.640179090726598],[-112.074137253771994,33.642766349852302],[-112.074169107632002,33.654734544231701],[-112.069035460498,33.654781818135298],[-112.065570912972007,33.6548654278497],[-112.061998158362002,33.654861799604298],[-112.06067635654,33.654838162652503],[-112.056857254736997,33.654852728990697],[-112.054782752060007,33.654890025219402],[-112.052172709686999,33.654993643640204],[-112.050521804663006,33.654971820811099],[-112.049342731614004,33.654919104539303],[-112.033477268084994,33.655010024101102],[-112.030857248036995,33.655042731666498]]]}},
{"type":"Feature","properties":{"FID":12782,"ObjectID":12661,"ZIP":"85023","PO_NAME":"Phoenix","STATE":"AZ","POP2010":32814,"POP10_SQMI":4363.6,"POP2012":34814,"POP12_SQMI":4580.8,"WHITE":24773,"BLACK":1307,"AMERI_ES":592,"ASIAN":1111,"HAWN_PI":58,"HISPANIC":8030,"OTHER":3818,"MULT_RACE":1155,"MALES":16295,"FEMALES":16519,"AGE_UNDER5":2464,"AGE_5_9":2159,"AGE_10_14":2080,"AGE_15_19":2305,"AGE_20_24":2464,"AGE_25_34":5046,"AGE_35_44":4315,"AGE_45_54":4912,"AGE_55_64":3698,"AGE_65_74":2057,"AGE_75_84":1012,"AGE_85_UP":302,"MED_AGE":34.8,"MED_AGE_M":33.7,"MED_AGE_F":36.0,"HOUSEHOLDS":13212,"AVE_HH_SZ":2.48,"HSEHLD_1_M":1940,"HSEHLD_1_F":1888,"MARHH_CHD":2469,"MARHH_NO_C":2997,"MHH_CHILD":565,"FHH_CHILD":1274,"FAMILIES":8258,"AVE_FAM_SZ":3.07,"HSE_UNITS":14561,"VACANT":1349,"OWNER_OCC":7609,"RENTER_OCC":5603,"SQMI":7.6},"geometry":{"type":"Polygon","coordinates":[[[-112.074169107632002,33.654734544231701],[-112.074137253771994,33.642766349852302],[-112.074154541294007,33.640179090726598],[-112.069856351024995,33.640193657064899],[-112.069876359732007,33.639677272370697],[-112.069911841838007,33.639467260988603],[-112.070027252055993,33.639194555659799],[-112.070208184118002,33.638888182347799],[-112.070319112386002,33.6386463704617],[-112.070361797627001,33.638213648838502],[-112.070330904184004,33.638000916272297],[-112.070256365082997,33.637799068442398],[-112.069694520607996,33.636893661139801],[-112.07006817653,33.636710007893498],[-112.070619989974006,33.636388161181898],[-112.074079095132007,33.6341836285917],[-112.074884565616003,33.633768194490798],[-112.075618164825997,33.633483644007804],[-112.075543625725999,33.633333658744803],[-112.075062723136995,33.6335109092051],[-112.075185443202997,33.633286384841298],[-112.075329079037004,33.633159983173499],[-112.075433657874996,33.633120926178698],[-112.075729093093997,33.633077280520503],[-112.075524524081004,33.632871804445202],[-112.075102740549994,33.632871804445202],[-112.073839097369003,33.630746346262598],[-112.074029100044001,33.630434530582399],[-112.074077281008996,33.630294522994298],[-112.074097289715993,33.630076348060001],[-112.074080909255002,33.623395467679501],[-112.073730890283997,33.623379994279901],[-112.073360915964003,33.623070899783798],[-112.073500923552999,33.622948179718001],[-112.073567299101001,33.622828180836301],[-112.073541794670007,33.618038203243202],[-112.072295439011,33.6180445526726],[-112.072003632036996,33.617426363680501],[-112.071922743507002,33.617198157714697],[-112.071869066817001,33.616914567649701],[-112.071857275018999,33.615287246221001],[-112.074117298421996,33.615270919116597],[-112.074345451030993,33.6151781854321],[-112.074437277653999,33.615088172931699],[-112.074497250416997,33.614989996879103],[-112.074518166185001,33.614875440365502],[-112.074523661908998,33.614162703566102],[-112.074510909693998,33.607640932418697],[-112.084040923149004,33.607590883974503],[-112.084040923149004,33.607349072088397],[-112.085612753765005,33.6073517932724],[-112.086483639380006,33.6073872753784],[-112.086600917078002,33.607372709040199],[-112.086593660586999,33.607485451431003],[-112.086631810520004,33.607569114501999],[-112.086762747495001,33.607675454106797],[-112.087329073920003,33.607780886650197],[-112.089303639777995,33.608253625686203],[-112.089402722892004,33.607980920357498],[-112.089529978265006,33.608036357813297],[-112.090468199846001,33.608289107792203],[-112.091092738268003,33.6085163533401],[-112.091652715262995,33.608758165226199],[-112.093410013248999,33.609848186192998],[-112.093743651758004,33.610089091017699],[-112.094213616253001,33.610328181719801],[-112.094928167174999,33.610602701171302],[-112.095456343666996,33.610740894636599],[-112.095923640335002,33.610839070689202],[-112.096463661981005,33.610907260360499],[-112.096919113493996,33.610930897312301],[-112.098217278364004,33.610915477269302],[-112.098237287070006,33.610907260360499],[-112.098246357684005,33.611027259242199],[-112.102538198523007,33.610982706522698],[-112.102678206110994,33.611042732641899],[-112.102907265781994,33.6110463608873],[-112.103899110696005,33.611030887487701],[-112.103900924819001,33.610895468562902],[-112.106972714777996,33.610850008782002],[-112.106914556137994,33.610937246741798],[-112.106820008330999,33.610986388124701],[-112.107021802803999,33.610979078277303],[-112.106920905568003,33.611140908694502],[-112.107127288704007,33.611113643497198],[-112.107561824450002,33.611125435294902],[-112.107639084734998,33.610978171215898],[-112.111292727876005,33.610937246741798],[-112.111636344060003,33.610924547882902],[-112.111773630464,33.610851822904799],[-112.114368199436996,33.6107709343745],[-112.115827287662995,33.6107454299434],[-112.115621811587005,33.610920919637501],[-112.116548188013994,33.610903632115097],[-112.116549095075996,33.6107554609749],[-112.116800884637001,33.610753646852103],[-112.116708204309006,33.625346343229403],[-112.116651806435002,33.627809975227997],[-112.116551816259999,33.629789076393003],[-112.116335455447995,33.632508179554598],[-112.116122722881997,33.632535444751802],[-112.115846389308004,33.632535444751802],[-112.115576351806993,33.635920010809301],[-112.115528170841998,33.636391842783901],[-112.115402729592006,33.6371109290127],[-112.115293615446006,33.6374518240128],[-112.115107294373004,33.637809099473799],[-112.114885437835994,33.638116379847197],[-112.114165444546003,33.638928199760599],[-112.114052702155007,33.639133622479299],[-112.113993636453998,33.639377248488202],[-112.113977255993007,33.640186347217501],[-112.114019994589995,33.640805443270999],[-112.114161816301007,33.641132732350698],[-112.114756368341006,33.642131833755798],[-112.114836349810005,33.642303641847803],[-112.114967286783994,33.6427427129005],[-112.115010025380997,33.643128160620201],[-112.114446366783994,33.650311819774501],[-112.114060919064002,33.653859977015202],[-112.113949083733999,33.654631832872298],[-112.109354551185007,33.654630925810999],[-112.107737260787999,33.654657283946797],[-112.107578204910993,33.6546645404377],[-112.107479068440995,33.654710907279899],[-112.102080025825998,33.654729101863602],[-112.096728203756996,33.654700929604999],[-112.095784539807994,33.654662726315003],[-112.091501822938994,33.654609102981901],[-112.089318206116999,33.654612731227303],[-112.080150910490005,33.6546600051309],[-112.074169107632002,33.654734544231701]]]}},
{"type":"Feature","properties":{"FID":12790,"ObjectID":12662,"ZIP":"85024","PO_NAME":"Phoenix","STATE":"AZ","POP2010":23925,"POP10_SQMI":2084.1,"POP2012":21888,"POP12_SQMI":1903.3,"WHITE":20610,"BLACK":584,"AMERI_ES":195,"ASIAN":838,"HAWN_PI":56,"HISPANIC":2977,"OTHER":889,"MULT_RACE":753,"MALES":11649,"FEMALES":12276,"AGE_UNDER5":1615,"AGE_5_9":1573,"AGE_10_14":1575,"AGE_15_19":1563,"AGE_20_24":1565,"AGE_25_34":4130,"AGE_35_44":3968,"AGE_45_54":3653,"AGE_55_64":2460,"AGE_65_74":1062,"AGE_75_84":571,"AGE_85_UP":191,"MED_AGE":34.9,"MED_AGE_M":33.9,"MED_AGE_F":35.9,"HOUSEHOLDS":9875,"AVE_HH_SZ":2.42,"HSEHLD_1_M":1248,"HSEHLD_1_F":1518,"MARHH_CHD":2184,"MARHH_NO_C":2281,"MHH_CHILD":314,"FHH_CHILD":754,"FAMILIES":6122,"AVE_FAM_SZ":3.02,"HSE_UNITS":10777,"VACANT":902,"OWNER_OCC":6910,"RENTER_OCC":2965,"SQMI":11.5},"geometry":{"type":"Polygon","coordinates":[[[-112.047428191874999,33.726055444715897],[-112.047538159724994,33.725973649124299],[-112.047733658126006,33.725959082785998],[-112.048162751503,33.726050909409203],[-112.048489987227001,33.726197266426702],[-112.048711843763002,33.726261827852603],[-112.048803617028994,33.726216368071697],[-112.048834563829004,33.726170001229498],[-112.048861829025995,33.725881822501101],[-112.048816369245003,33.725736372545001],[-112.048642747030001,33.725579077434602],[-112.047988168871001,33.724516375021501],[-112.047822710207996,33.724392747894399],[-112.046986346281997,33.723970911007498],[-112.046210915535994,33.723652745897802],[-112.046138190557002,33.7235836491651],[-112.046110925359997,33.723510924187003],[-112.046133655250998,33.723314518725203],[-112.046268167113993,33.723097250852298],[-112.046571819242004,33.722170020720597],[-112.046582703978004,33.722028199009799],[-112.046494558956994,33.721749997956302],[-112.046333635601002,33.721359107868601],[-112.046263631806994,33.7209627220561],[-112.046271795359004,33.720693644972798],[-112.046399104089005,33.720310011375901],[-112.046413617070002,33.720171817910497],[-112.046399104089005,33.720096371748298],[-112.046368157288995,33.7200191114635],[-112.046283640514005,33.719950014730799],[-112.045996368847,33.719827294665002],[-112.045527258055998,33.719558164225099],[-112.045361799394001,33.719440886527501],[-112.045178199503994,33.719238184992797],[-112.045155469612993,33.719135473633401],[-112.045123615752999,33.718045452666601],[-112.045014554963998,33.717633646811102],[-112.044960931630996,33.717526346788397],[-112.044883617989001,33.717462745780402],[-112.044666350116003,33.717310893038103],[-112.044404529524002,33.717167257204601],[-112.043837296036997,33.717267247379901],[-112.042402751824994,33.722003654996598],[-112.041392712326996,33.725799973552903],[-112.038345466381003,33.726568201164703],[-112.035657256662006,33.7263800126116],[-112.034837273196999,33.726381826734297],[-112.032225470057995,33.726465436448699],[-112.026879997419002,33.727086346625001],[-112.026580933953994,33.726863636383897],[-112.026137274237996,33.7264090919316],[-112.023804525857997,33.726437264190103],[-112.008529986124003,33.726499104432001],[-112.014380905364007,33.716969998038003],[-112.020639095152006,33.706926374429202],[-112.021603621512995,33.705484520369502],[-112.025786348207006,33.6994372490242],[-112.025680008601995,33.699379997445703],[-112.029880929878999,33.693319973884897],[-112.030192745560001,33.692824558315003],[-112.030443628059004,33.692365478555999],[-112.030797275275006,33.691514548291202],[-112.030940911108004,33.691542720549798],[-112.031020892577004,33.6912954662956],[-112.031174559441993,33.690700914255203],[-112.031280899047005,33.689938182368103],[-112.031299093631006,33.6884491077614],[-112.031178187687999,33.680661825953102],[-112.031050025254004,33.680500902597302],[-112.030873628498,33.670830934910498],[-112.030751815494,33.669635428043698],[-112.030818191042997,33.669563610127],[-112.030637258979993,33.668723617955102],[-112.030242740646997,33.667590004686602],[-112.030093662446006,33.667056385826697],[-112.030029101020006,33.666697296243001],[-112.029990897730002,33.666229999575101],[-112.030006371129005,33.6657636099687],[-112.030081817291006,33.665298180780098],[-112.030623653060005,33.663355468782399],[-112.030753629616996,33.662775429723702],[-112.030870000253003,33.661843610928699],[-112.030899986633997,33.661388159414997],[-112.030889101897998,33.6598909212561],[-112.031543626700994,33.6598799831633],[-112.031563635406997,33.659171835027202],[-112.031527246240003,33.6591227470009],[-112.031528206657995,33.658043610770399],[-112.030877256744006,33.658051827679202],[-112.030857248036995,33.655042731666498],[-112.033477268084994,33.655010024101102],[-112.049342731614004,33.654919104539303],[-112.050521804663006,33.654971820811099],[-112.052172709686999,33.654993643640204],[-112.054782752060007,33.654890025219402],[-112.056857254736997,33.654852728990697],[-112.06067635654,33.654838162652503],[-112.061998158362002,33.654861799604298],[-112.065570912972007,33.6548654278497],[-112.069035460498,33.654781818135298],[-112.074169107632002,33.654734544231701],[-112.074160890724002,33.655203655022298],[-112.074080909255002,33.655825472259899],[-112.074080002193,33.656244534606202],[-112.073986361446998,33.6569436121287],[-112.073888185395006,33.657041841537797],[-112.073743642500006,33.657072734980503],[-112.072807288397996,33.657100000177699],[-112.072799071489001,33.661412703428198],[-112.072590927587001,33.661886349525503],[-112.072461804734999,33.662070909833098],[-112.074292734758998,33.662099989152999],[-112.074479109189994,33.662205475053],[-112.074560904780995,33.662190908714798],[-112.074541803136,33.662346389702499],[-112.074916366119993,33.662572728188998],[-112.074777265592999,33.662765452048802],[-112.074716385768994,33.662889079175898],[-112.074629094453002,33.663142736216201],[-112.074600015133001,33.6633045666334],[-112.074579099364996,33.665897268127303],[-112.074542710198003,33.666059098544402],[-112.074197279890996,33.666840025015098],[-112.074152727170997,33.6674299883922],[-112.074150005986994,33.668446377319498],[-112.074572749935996,33.668747254906798],[-112.074153634232999,33.668962708657098],[-112.074171828816006,33.669260918416903],[-112.074208164626995,33.676101815091897],[-112.074228173334006,33.676482727504698],[-112.074209978750005,33.680893660164401],[-112.074190023400007,33.680982712246902],[-112.074210885810999,33.683778168632003],[-112.067849077602006,33.6837999914611],[-112.065729115143995,33.683835473567001],[-112.065726340603007,33.685146337295699],[-112.065650894441006,33.685320919928401],[-112.065578169462995,33.686318207210697],[-112.065454542335999,33.687124531399398],[-112.065422741831995,33.687497280259997],[-112.065433626567994,33.687816352431],[-112.065590921677995,33.688888178814103],[-112.065563656481004,33.692293660639201],[-112.065508165669002,33.694147267197899],[-112.065442750537997,33.694640922001497],[-112.064840888649996,33.696881843759101],[-112.064783637071997,33.697267291478703],[-112.064800017533003,33.697819104922203],[-112.064898193584995,33.698316387971403],[-112.065221801063004,33.699212724660399],[-112.065503630362002,33.6998290995299],[-112.065672717270004,33.700368160757897],[-112.065708199376004,33.700629074289097],[-112.065713641743997,33.708730892961498],[-112.063878176412999,33.708953656559203],[-112.064765442487996,33.710523619696197],[-112.066648181722996,33.713527273340802],[-112.066485444245004,33.713563662508101],[-112.066369073608996,33.713640922792997],[-112.065951825385,33.7136990814329],[-112.065075444046002,33.714093653122603],[-112.057661818159005,33.716839114419997],[-112.046656389373993,33.717222748017001],[-112.045190898363003,33.717041815954801],[-112.044693615314003,33.717172752929301],[-112.044966373999003,33.717451807687603],[-112.045119987506993,33.717759088060902],[-112.045271840249995,33.718175429223201],[-112.046015470491994,33.719251844269699],[-112.046414524132004,33.719717273458201],[-112.046529987707004,33.720291816792198],[-112.047139106084998,33.7222281793604],[-112.047627265163996,33.7234227258093],[-112.048114570538004,33.724387252169699],[-112.048997247950993,33.725610931295101],[-112.049038172425,33.725897295900801],[-112.048957283893998,33.726264549036699],[-112.048710883344995,33.726353654475801],[-112.047428191874999,33.726055444715897]]]}},
{"type":"Feature","properties":{"FID":12797,"ObjectID":12663,"ZIP":"85027","PO_NAME":"Phoenix","STATE":"AZ","POP2010":36369,"POP10_SQMI":3176.3,"POP2012":37181,"POP12_SQMI":3233.1,"WHITE":28698,"BLACK":1055,"AMERI_ES":528,"ASIAN":2279,"HAWN_PI":88,"HISPANIC":6100,"OTHER":2575,"MULT_RACE":1146,"MALES":18482,"FEMALES":17887,"AGE_UNDER5":2541,"AGE_5_9":2222,"AGE_10_14":2308,"AGE_15_19":2522,"AGE_20_24":2991,"AGE_25_34":6722,"AGE_35_44":5319,"AGE_45_54":5212,"AGE_55_64":3701,"AGE_65_74":1691,"AGE_75_84":859,"AGE_85_UP":284,"MED_AGE":33.2,"MED_AGE_M":32.3,"MED_AGE_F":34.2,"HOUSEHOLDS":14576,"AVE_HH_SZ":2.49,"HSEHLD_1_M":2217,"HSEHLD_1_F":2020,"MARHH_CHD":2869,"MARHH_NO_C":3112,"MHH_CHILD":588,"FHH_CHILD":1169,"FAMILIES":8747,"AVE_FAM_SZ":3.09,"HSE_UNITS":16409,"VACANT":1833,"OWNER_OCC":8899,"RENTER_OCC":5677,"SQMI":11.5},"geometry":{"type":"Polygon","coordinates":[[[-112.114882716652005,33.699791803301203],[-112.112398168886003,33.700181839684099],[-112.112343638490998,33.700167273345897],[-112.110082708028003,33.700509982468702],[-112.109362714737003,33.700569101526497],[-112.108751835592997,33.7005818003855],[-112.107552753836998,33.700418155845597],[-112.107139987563002,33.700338174376597],[-112.106438188856998,33.700161830977798],[-112.105434552144999,33.6997890821171],[-112.103420929292,33.698842750340397],[-112.102860898939994,33.698660004155499],[-112.102341793061996,33.698529974242298],[-112.101680011767996,33.698401811808402],[-112.100986376612994,33.698321830339502],[-112.099976337116004,33.698290883540302],[-112.099996345822007,33.698990014419302],[-112.099995438760999,33.701896345716101],[-112.082851819067997,33.701910912054302],[-112.082890022358001,33.701794541418003],[-112.082998176085994,33.700844528039298],[-112.083059109266003,33.699653609835799],[-112.083159099442,33.698311799308001],[-112.083007246698998,33.698342746107201],[-112.082771837598997,33.698353630843499],[-112.079659069808997,33.698339064505198],[-112.074449069452001,33.698409068299298],[-112.068720923634004,33.698375453672597],[-112.066276339924002,33.698418192269401],[-112.064898193584995,33.698316387971403],[-112.064800017533003,33.697819104922203],[-112.064783637071997,33.697267291478703],[-112.064840888649996,33.696881843759101],[-112.065442750537997,33.694640922001497],[-112.065508165669002,33.694147267197899],[-112.065563656481004,33.692293660639201],[-112.065590921677995,33.688888178814103],[-112.065433626567994,33.687816352431],[-112.065422741831995,33.687497280259997],[-112.065454542335999,33.687124531399398],[-112.065578169462995,33.686318207210697],[-112.065650894441006,33.685320919928401],[-112.065726340603007,33.685146337295699],[-112.065729115143995,33.683835473567001],[-112.067849077602006,33.6837999914611],[-112.074210885810999,33.683778168632003],[-112.074190023400007,33.680982712246902],[-112.074209978750005,33.680893660164401],[-112.074228173334006,33.676482727504698],[-112.074208164626995,33.676101815091897],[-112.074171828816006,33.669260918416903],[-112.074153634232999,33.668962708657098],[-112.074572749935996,33.668747254906798],[-112.074150005986994,33.668446377319498],[-112.074152727170997,33.6674299883922],[-112.074197279890996,33.666840025015098],[-112.074542710198003,33.666059098544402],[-112.074579099364996,33.665897268127303],[-112.074600015133001,33.6633045666334],[-112.074629094453002,33.663142736216201],[-112.074716385768994,33.662889079175898],[-112.074777265592999,33.662765452048802],[-112.074916366119993,33.662572728188998],[-112.074541803136,33.662346389702499],[-112.074560904780995,33.662190908714798],[-112.074479109189994,33.662205475053],[-112.074292734758998,33.662099989152999],[-112.072461804734999,33.662070909833098],[-112.072590927587001,33.661886349525503],[-112.072799071489001,33.661412703428198],[-112.072807288397996,33.657100000177699],[-112.073743642500006,33.657072734980503],[-112.073888185395006,33.657041841537797],[-112.073986361446998,33.6569436121287],[-112.074080002193,33.656244534606202],[-112.074080909255002,33.655825472259899],[-112.074160890724002,33.655203655022298],[-112.074169107632002,33.654734544231701],[-112.080150910490005,33.6546600051309],[-112.089318206116999,33.654612731227303],[-112.091501822938994,33.654609102981901],[-112.095784539807994,33.654662726315003],[-112.096728203756996,33.654700929604999],[-112.102080025825998,33.654729101863602],[-112.107479068440995,33.654710907279899],[-112.107578204910993,33.6546645404377],[-112.107737260787999,33.654657283946797],[-112.109354551185007,33.654630925810999],[-112.113949083733999,33.654631832872298],[-112.116837273803995,33.654606381797798],[-112.116930914549997,33.654609102981901],[-112.117068200953995,33.654679106775902],[-112.117158160098001,33.654680920898599],[-112.120835440190007,33.6546554698241],[-112.123869080215997,33.6546754785305],[-112.134499092313007,33.654669075744501],[-112.134566374922997,33.657883647832499],[-112.134642728147,33.665661805670602],[-112.134642728147,33.667973638283499],[-112.134576352598003,33.668070907274803],[-112.134562746678,33.668150888743703],[-112.134554529769005,33.669040022298503],[-112.134633657533001,33.671424526533002],[-112.134680024375001,33.671488180897498],[-112.134769983519007,33.6838554289169],[-112.134786363979998,33.687322750983803],[-112.134906362861997,33.698350909659403],[-112.131713613602997,33.698329993891697],[-112.131090889304005,33.698384524286098],[-112.130330024895997,33.698550890010097],[-112.129862728228005,33.698710906304498],[-112.129212738731994,33.699024536107402],[-112.127392746799998,33.700259099969003],[-112.127096351163004,33.700450009706103],[-112.126629107851997,33.700689100408198],[-112.125937286820005,33.700942704092],[-112.125457291293003,33.701054539421399],[-112.124895446818002,33.701132706767702],[-112.124437274120993,33.701149994289999],[-112.123919982364995,33.701129985583599],[-112.123402743965997,33.701060888850897],[-112.122898204425994,33.700939982907897],[-112.122315444183002,33.700736374311802],[-112.120639995146007,33.699910895121597],[-112.120180008326003,33.699710914770897],[-112.119716339904002,33.699563650691999],[-112.119010005890004,33.699421828981201],[-112.118323627226999,33.699364524046103],[-112.118239110451,33.699409076765697],[-112.117624549704004,33.699459071853298],[-112.114882716652005,33.699791803301203]]]}},
{"type":"Feature","properties":{"FID":12807,"ObjectID":12664,"ZIP":"85028","PO_NAME":"Phoenix","STATE":"AZ","POP2010":19677,"POP10_SQMI":2043.3,"POP2012":20652,"POP12_SQMI":2151.3,"WHITE":18022,"BLACK":269,"AMERI_ES":128,"ASIAN":413,"HAWN_PI":18,"HISPANIC":1639,"OTHER":403,"MULT_RACE":425,"MALES":9546,"FEMALES":10131,"AGE_UNDER5":853,"AGE_5_9":927,"AGE_10_14":1167,"AGE_15_19":1207,"AGE_20_24":931,"AGE_25_34":1646,"AGE_35_44":2601,"AGE_45_54":3497,"AGE_55_64":3280,"AGE_65_74":2071,"AGE_75_84":1075,"AGE_85_UP":423,"MED_AGE":46.5,"MED_AGE_M":44.7,"MED_AGE_F":48.1,"HOUSEHOLDS":8354,"AVE_HH_SZ":2.33,"HSEHLD_1_M":913,"HSEHLD_1_F":1405,"MARHH_CHD":1476,"MARHH_NO_C":2863,"MHH_CHILD":202,"FHH_CHILD":407,"FAMILIES":5470,"AVE_FAM_SZ":2.84,"HSE_UNITS":9001,"VACANT":647,"OWNER_OCC":6659,"RENTER_OCC":1695,"SQMI":9.6},"geometry":{"type":"Polygon","coordinates":[[[-112.030487273717,33.596671839444298],[-112.027856368933996,33.596686352425998],[-112.019916380677998,33.596813661155103],[-112.019916380677998,33.596709082316501],[-112.017487270367994,33.596742750299697],[-112.017490898613005,33.596848182843203],[-112.016396342340002,33.596863656242803],[-112.009476371256994,33.596949080079902],[-112.005979116164994,33.596969088786302],[-112.005382750001999,33.5969508942026],[-112.004483638772001,33.596983655124497],[-112.002286362673004,33.597011827383099],[-111.994524531939007,33.597049070255203],[-111.993971811433994,33.597105468128902],[-111.993422719175001,33.597192706088698],[-111.992647288428998,33.597379987580403],[-111.991574554983998,33.597805452712798],[-111.988643626317995,33.599112741552503],[-111.987832713466005,33.599399106158103],[-111.987424535855993,33.598465473240402],[-111.987279085899999,33.597967283129897],[-111.986968177281,33.597669980431498],[-111.986210887761999,33.597110003435702],[-111.985970889998995,33.596973624093003],[-111.985470885764997,33.596758170342802],[-111.983468201004996,33.5960918003857],[-111.981715438327001,33.595382745188303],[-111.981154554270006,33.595495434222599],[-111.981013639620002,33.595469983148],[-111.981134545562995,33.596189976438303],[-111.981148204839997,33.596579105759901],[-111.981131824379005,33.596838205168297],[-111.981100930937004,33.597065450716201],[-111.980904525474998,33.597059101286703],[-111.980775455979,33.597609100607499],[-111.980092705561006,33.597517273984401],[-111.979916362162996,33.5973727310896],[-111.979128179200998,33.5972572675146],[-111.978780934770995,33.597262709882799],[-111.978448203322998,33.597352722383199],[-111.977790903979994,33.597184542536503],[-111.977811819747998,33.597136361571501],[-111.977776337641998,33.5958572983469],[-111.977819076239001,33.595531823389898],[-111.977828200209004,33.592320932903803],[-111.977762731721,33.591592722704902],[-111.978120914244002,33.591509112990501],[-111.977952734396993,33.591052701058899],[-111.977848155557993,33.590646337571599],[-111.977810912685996,33.590405432746799],[-111.977789996919,33.586127251184401],[-111.977807284440999,33.5827700036808],[-111.977992751810007,33.582770910742198],[-111.977963619133007,33.5805354313528],[-111.977951827336,33.5803899813966],[-111.977871792510001,33.580282734730403],[-111.977869978388,33.5801990716595],[-111.977764545843996,33.5717154335128],[-111.977813633869999,33.571643615596003],[-111.977819983299995,33.571527298316298],[-111.977790903979994,33.570982741363601],[-111.977772709396007,33.569579090593997],[-111.977790903979994,33.567426367214203],[-111.978030901742997,33.567418203662001],[-111.978000915362003,33.5668672972797],[-111.977862721896997,33.566399093550601],[-111.977878195296,33.566280001730199],[-111.978118193059998,33.565865474690703],[-111.978054538695005,33.564607273877201],[-111.978319987532998,33.564309064117403],[-111.977947292029,33.563373617076898],[-111.977793625163997,33.563258206858499],[-111.978090020801005,33.563020930279201],[-111.977853651282999,33.562357281506202],[-111.977880916480004,33.562183659291399],[-111.977896389880001,33.562321799400202],[-111.977928190384006,33.562388174948801],[-111.978057259878995,33.562432727668302],[-111.978252704922994,33.5624245641161],[-111.979399070406998,33.5622636407603],[-111.981762712229994,33.5622727113739],[-111.982153655675006,33.562293627141599],[-111.982307269182996,33.5623336445544],[-111.982650885366994,33.562500917339598],[-111.983318162385999,33.5629408954537],[-111.983541833044995,33.563041792690399],[-111.983703610104996,33.563102725870898],[-111.984273618133003,33.563246361704401],[-111.984938173966995,33.563240919336302],[-111.985159977147006,33.563219096507197],[-111.986459102433997,33.562998200388797],[-111.985961819384997,33.561501815934598],[-111.987619980900007,33.559569081611897],[-111.986898173487006,33.559082736655597],[-111.987076384364997,33.558740934594098],[-111.987240882609996,33.558189974855402],[-111.987320917435,33.554215445420901],[-111.987687263509997,33.554239082372703],[-111.99535001113,33.554255462833702],[-111.995359988805006,33.553660003731999],[-111.996217268498995,33.553706370574197],[-112.010436362310998,33.553203645156898],[-112.024649106693005,33.552771830595098],[-112.029528189724999,33.552742751275098],[-112.030076374922999,33.5527399767345],[-112.034124536397002,33.552287246404902],[-112.037776365414999,33.552150920418804],[-112.038007292564998,33.553711812942304],[-112.038332714166003,33.559121793650398],[-112.038358165239998,33.559888207139402],[-112.038326364735994,33.560420918937901],[-112.038193613638995,33.561049992666398],[-112.038029115393996,33.561496373566499],[-112.037808165919003,33.561928188128398],[-112.037539995897006,33.562339993983798],[-112.037219109603001,33.5627299770102],[-112.036653636883003,33.563260928042602],[-112.036241831027993,33.563557270323201],[-112.035354564952002,33.5640354517273],[-112.030688161129007,33.5662790946689],[-112.029791824439997,33.566768160809197],[-112.028856377400004,33.567372743881101],[-112.033255464904997,33.571850905794101],[-112.033705474051004,33.572730915378798],[-112.033907268524004,33.573228198427898],[-112.034691823239996,33.574206384065199],[-112.034841808503003,33.574549093187997],[-112.034846343810003,33.575589065710602],[-112.034629982997998,33.576314554725499],[-112.034808193876998,33.576771820361799],[-112.033953635366004,33.576888190998098],[-112.032929082886994,33.576859111678203],[-112.032879087799003,33.576968172467097],[-112.032959069268003,33.578353628653097],[-112.030768195955005,33.578313611240297],[-112.030566348125006,33.578358163959798],[-112.030418176984995,33.578470906350702],[-112.030340009637996,33.578788164399],[-112.030182714527996,33.5790600160229],[-112.029944530886993,33.579255461066801],[-112.029888186370002,33.579729107164098],[-112.030158170514994,33.580154518939899],[-112.030519074221004,33.580202753261503],[-112.030516353037001,33.580245438501699],[-112.032033653259006,33.580509073216902],[-112.032914569905003,33.580380910782999],[-112.034060935388993,33.580465480915301],[-112.034931821003994,33.580282734730403],[-112.035018205258993,33.580208195629602],[-112.036388188044995,33.580133656528801],[-112.036543615675996,33.580050900519197],[-112.036397258658994,33.579704563150997],[-112.038610915218996,33.579906357624402],[-112.038921823837995,33.580508166155603],[-112.039773661164006,33.580815446529002],[-112.039796337697993,33.580635474884701],[-112.040117277348003,33.580699982954002],[-112.040216360461997,33.580795437822601],[-112.040316350636999,33.581857286530798],[-112.039695440461003,33.581865450083001],[-112.039675431755001,33.5837836180675],[-112.038890023334005,33.583855435984297],[-112.038881806424996,33.584036368046498],[-112.038103654495004,33.584785440656603],[-112.038151835459999,33.585452717675103],[-112.035731795762999,33.5857863561844],[-112.035187292166995,33.587753612195201],[-112.034654527011995,33.587863633402002],[-112.033990024534006,33.587873611076901],[-112.033209098062997,33.587736378029398],[-112.032194523257999,33.588004548051401],[-112.032636368851996,33.588027277941897],[-112.032669983478002,33.588070016538701],[-112.032677293326003,33.591150930468103],[-112.033441839336007,33.591175474481297],[-112.034297251550996,33.5911627222657],[-112.034319981441001,33.591180009787998],[-112.034458174906007,33.591019993493603],[-112.035042749271994,33.591143620620699],[-112.034891803590995,33.591512741235903],[-112.034560886265993,33.593350927751501],[-112.034707296639994,33.593789998804198],[-112.034775432955001,33.594931828981402],[-112.035208207934005,33.596200007469697],[-112.038560920131005,33.595756347753699],[-112.038791793925,33.595858205408298],[-112.038458155415,33.5961682069657],[-112.037966368091006,33.5967654801902],[-112.037056372124994,33.596701825825598],[-112.034923657451998,33.596690887732798],[-112.034897299316,33.596632729093002],[-112.034831830827997,33.596611813325197],[-112.030833611085995,33.596582734005302],[-112.030790018784003,33.596595432864298],[-112.030729992665002,33.596670932382999],[-112.030487273717,33.596671839444298]]]}},
{"type":"Feature","properties":{"FID":12821,"ObjectID":12665,"ZIP":"85029","PO_NAME":"Phoenix","STATE":"AZ","POP2010":43077,"POP10_SQMI":4612.1,"POP2012":44111,"POP12_SQMI":4743.1,"WHITE":31036,"BLACK":2084,"AMERI_ES":1094,"ASIAN":1101,"HAWN_PI":85,"HISPANIC":13264,"OTHER":6075,"MULT_RACE":1601,"MALES":21246,"FEMALES":21831,"AGE_UNDER5":3307,"AGE_5_9":3004,"AGE_10_14":2892,"AGE_15_19":3286,"AGE_20_24":3516,"AGE_25_34":6580,"AGE_35_44":5702,"AGE_45_54":5951,"AGE_55_64":4323,"AGE_65_74":2506,"AGE_75_84":1317,"AGE_85_UP":693,"MED_AGE":33.3,"MED_AGE_M":32.2,"MED_AGE_F":34.5,"HOUSEHOLDS":16336,"AVE_HH_SZ":2.61,"HSEHLD_1_M":2329,"HSEHLD_1_F":2567,"MARHH_CHD":3029,"MARHH_NO_C":3173,"MHH_CHILD":791,"FHH_CHILD":1699,"FAMILIES":9989,"AVE_FAM_SZ":3.27,"HSE_UNITS":18423,"VACANT":2087,"OWNER_OCC":8587,"RENTER_OCC":7749,"SQMI":9.3},"geometry":{"type":"Polygon","coordinates":[[[-112.116800884637001,33.610753646852103],[-112.116549095075996,33.6107554609749],[-112.116548188013994,33.610903632115097],[-112.115621811587005,33.610920919637501],[-112.115827287662995,33.6107454299434],[-112.114368199436996,33.6107709343745],[-112.111773630464,33.610851822904799],[-112.111636344060003,33.610924547882902],[-112.111292727876005,33.610937246741798],[-112.107639084734998,33.610978171215898],[-112.107561824450002,33.611125435294902],[-112.107127288704007,33.611113643497198],[-112.106920905568003,33.611140908694502],[-112.107021802803999,33.610979078277303],[-112.106820008330999,33.610986388124701],[-112.106914556137994,33.610937246741798],[-112.106972714777996,33.610850008782002],[-112.103900924819001,33.610895468562902],[-112.103899110696005,33.611030887487701],[-112.102907265781994,33.6110463608873],[-112.102678206110994,33.611042732641899],[-112.102538198523007,33.610982706522698],[-112.098246357684005,33.611027259242199],[-112.098237287070006,33.610907260360499],[-112.098217278364004,33.610915477269302],[-112.096919113493996,33.610930897312301],[-112.096463661981005,33.610907260360499],[-112.095923640335002,33.610839070689202],[-112.095456343666996,33.610740894636599],[-112.094928167174999,33.610602701171302],[-112.094213616253001,33.610328181719801],[-112.093743651758004,33.610089091017699],[-112.093410013248999,33.609848186192998],[-112.091652715262995,33.608758165226199],[-112.091092738268003,33.6085163533401],[-112.090468199846001,33.608289107792203],[-112.089529978265006,33.608036357813297],[-112.089402722892004,33.607980920357498],[-112.089303639777995,33.608253625686203],[-112.087329073920003,33.607780886650197],[-112.086762747495001,33.607675454106797],[-112.086631810520004,33.607569114501999],[-112.086593660586999,33.607485451431003],[-112.086600917078002,33.607372709040199],[-112.086483639380006,33.6073872753784],[-112.085612753765005,33.6073517932724],[-112.084040923149004,33.607349072088397],[-112.084040923149004,33.607590883974503],[-112.074510909693998,33.607640932418697],[-112.074509095571003,33.607031814040099],[-112.074474520525996,33.606371793512501],[-112.074448162390993,33.606201799543101],[-112.074019976073998,33.604978173774299],[-112.073980012017998,33.604730012458703],[-112.074367273860005,33.603999988136998],[-112.074292734758998,33.603932705527001],[-112.074321814078999,33.603811799583902],[-112.074081816315996,33.6036418056146],[-112.073962724495999,33.6034918203516],[-112.073698182718999,33.603051842237498],[-112.073427291512999,33.602838202610002],[-112.073213651885993,33.602580010262898],[-112.072980910612998,33.602351804297101],[-112.072753611709004,33.601984551161202],[-112.072670909056001,33.601748181643202],[-112.072732749297003,33.601611802300503],[-112.072554538418999,33.601417264318002],[-112.071731833770002,33.6008563802609],[-112.071381814798997,33.600438171619402],[-112.070888159996002,33.600129077123299],[-112.066350932380999,33.596109994969297],[-112.065669996086001,33.596296369399603],[-112.065608155844004,33.596199100408398],[-112.065935444923994,33.595430926153199],[-112.066092740033994,33.594983638191799],[-112.066248167666004,33.594421793716698],[-112.066339994288995,33.593956364528204],[-112.066403648652994,33.593440886895401],[-112.066428192665995,33.592867250622703],[-112.066396338806001,33.592132744350799],[-112.06632729543,33.591684549328001],[-112.066144549244996,33.5910472586908],[-112.065811817796998,33.590323637155201],[-112.065586386372004,33.589969082878198],[-112.064620899592995,33.588620922920903],[-112.063899999241997,33.5874781856824],[-112.064249111151,33.583901802826503],[-112.064963662072998,33.582627274908702],[-112.065180929945996,33.581990891332801],[-112.065097266875,33.5818909011575],[-112.065149983146995,33.581403649139801],[-112.065142726656006,33.580420021134401],[-112.066319078521005,33.580231832581397],[-112.066143642182993,33.578610913938803],[-112.069423629401996,33.578172749947399],[-112.069449987537993,33.578725470452298],[-112.069356346792006,33.578835438302598],[-112.069361842516997,33.579239080605902],[-112.069851815719005,33.580780924840901],[-112.069943642341997,33.581217274709502],[-112.069946363526,33.581398206771702],[-112.070196338963996,33.581486351792897],[-112.071597268549993,33.582459095061999],[-112.071952729887997,33.582586350434603],[-112.072665466686999,33.582522749426602],[-112.072842717148006,33.582480010829798],[-112.073630900108995,33.582480010829798],[-112.079917262156002,33.582208159205798],[-112.080747276653,33.582140022890997],[-112.081268196653994,33.581781840368599],[-112.082644528870006,33.582152721749999],[-112.082763620690997,33.582218190237299],[-112.082925451107997,33.582240013066297],[-112.084441844267999,33.582180894008602],[-112.091268174605005,33.582100912539602],[-112.091255475745996,33.581292720871701],[-112.093747280003001,33.581301791485203],[-112.095584559456995,33.581280929074097],[-112.097218176959004,33.581292720871701],[-112.097271800292006,33.581276340410703],[-112.097290901937001,33.581216367648203],[-112.097282738385005,33.578479069902897],[-112.099577283475995,33.578473627534798],[-112.099576376414007,33.5807963448839],[-112.099642751963003,33.582084532078703],[-112.108122708508006,33.581979099535197],[-112.112369089566002,33.5819663473197],[-112.114386340663998,33.581973657167097],[-112.114501804238998,33.582030001684302],[-112.117097280273995,33.582069112035597],[-112.117090930844,33.581907281618399],[-112.120710906002003,33.581833649579004],[-112.124040888308002,33.581818176179397],[-112.12952274029,33.581868171267097],[-112.135438167599006,33.581880923482601],[-112.135597276832002,33.581688199622803],[-112.135888176744999,33.581852751223998],[-112.136868176505004,33.581885458789401],[-112.137019068829005,33.5819609049516],[-112.148602722549995,33.581933639754297],[-112.150704543781004,33.581911816925199],[-112.150795463343002,33.581937267999699],[-112.151524527245996,33.581950020215302],[-112.151448174023002,33.589137254258503],[-112.151354533277001,33.595013624572999],[-112.151439103409004,33.595167291438003],[-112.151432753980004,33.597193613150097],[-112.151516363694,33.597389111550498],[-112.151507293080996,33.597660002756598],[-112.151558195229995,33.598510933021302],[-112.151491819680999,33.599942702692999],[-112.151479067465004,33.601452746424002],[-112.151311794679998,33.601452746424002],[-112.151296374636999,33.602875445482098],[-112.151381798474006,33.602881794911603],[-112.151429072377994,33.603540001316503],[-112.151352719154005,33.604828188511298],[-112.151432753980004,33.607079995005101],[-112.151316383343001,33.607724542133099],[-112.151270016501002,33.6104945474437],[-112.151184539308005,33.610642718584003],[-112.151113628451995,33.610642718584003],[-112.151062726302996,33.610642718584003],[-112.145604564630005,33.610708187071303],[-112.145592719475999,33.610352725732902],[-112.144913650660001,33.610219974635697],[-112.142497292564997,33.610280000754798],[-112.142498199626004,33.609950897552302],[-112.139172752627005,33.609968185074699],[-112.139108191201004,33.609956339920501],[-112.139069987911,33.6098872965444],[-112.138239066352,33.610036374746002],[-112.138251818567994,33.610749111545402],[-112.131324537637994,33.610761810404298],[-112.131133627900994,33.610677293628598],[-112.129952740728996,33.610719071807502],[-112.127780915703994,33.610702744703097],[-112.127786358072001,33.610835442443801],[-112.126118165525995,33.610839070689202],[-112.119616349728005,33.610810898430699],[-112.119385475935005,33.610740894636599],[-112.116800884637001,33.610753646852103]]]}},
{"type":"Feature","properties":{"FID":12835,"ObjectID":12666,"ZIP":"85032","PO_NAME":"Phoenix","STATE":"AZ","POP2010":63859,"POP10_SQMI":5108.7,"POP2012":65118,"POP12_SQMI":5209.4,"WHITE":50547,"BLACK":1762,"AMERI_ES":820,"ASIAN":1710,"HAWN_PI":115,"HISPANIC":16937,"OTHER":7013,"MULT_RACE":1891,"MALES":31710,"FEMALES":32149,"AGE_UNDER5":4337,"AGE_5_9":4229,"AGE_10_14":4087,"AGE_15_19":4200,"AGE_20_24":4356,"AGE_25_34":10176,"AGE_35_44":9140,"AGE_45_54":9457,"AGE_55_64":7149,"AGE_65_74":3653,"AGE_75_84":1999,"AGE_85_UP":1074,"MED_AGE":35.6,"MED_AGE_M":34.2,"MED_AGE_F":37.1,"HOUSEHOLDS":25325,"AVE_HH_SZ":2.5,"HSEHLD_1_M":3549,"HSEHLD_1_F":4141,"MARHH_CHD":4827,"MARHH_NO_C":5559,"MHH_CHILD":903,"FHH_CHILD":2121,"FAMILIES":15259,"AVE_FAM_SZ":3.15,"HSE_UNITS":28567,"VACANT":3242,"OWNER_OCC":14989,"RENTER_OCC":10336,"SQMI":12.5},"geometry":{"type":"Polygon","coordinates":[[[-112.030857248036995,33.655042731666498],[-112.020016370853995,33.655100890306301],[-112.015456359992001,33.655099983245002],[-112.003911816623003,33.655172708223098],[-112.002499095239003,33.655143628903097],[-112.002356366466998,33.655212725635799],[-111.999740935082997,33.655219075065297],[-111.999981839908003,33.655150885394001],[-111.999723647560998,33.655078160415897],[-111.998576375015006,33.655086377324601],[-111.997607259991995,33.655130022982803],[-111.996663649398997,33.654697248003004],[-111.996419116328994,33.655203655022298],[-111.994099066806996,33.655219982126702],[-111.994098159746002,33.655082749079199],[-111.992301804766001,33.655092726754098],[-111.992268190139001,33.655127248442199],[-111.992257252046002,33.655222703310699],[-111.990407273732998,33.655217260942599],[-111.990404552548995,33.6550663686183],[-111.990218178117999,33.6550918196928],[-111.986361833442999,33.6550763462932],[-111.986296364956004,33.655105478969602],[-111.986288201402999,33.655179111009097],[-111.984104531225,33.655138186534998],[-111.979219098762997,33.655149071271303],[-111.977633662225998,33.655130930044201],[-111.977530897509993,33.6550763462932],[-111.977484530667994,33.652132718767803],[-111.977478181237998,33.645374524745797],[-111.977493654637996,33.6445545412803],[-111.977477274177005,33.643502723603497],[-111.977277293826006,33.6435009094808],[-111.977259099243,33.642381809194099],[-111.977333638344007,33.641248195925698],[-111.977562751370996,33.640208170046499],[-111.977641825777994,33.6397254533356],[-111.977675440404994,33.639022747567701],[-111.977677254528004,33.638178166732501],[-111.977749072443999,33.638028181469501],[-111.977863628958005,33.637966341227703],[-111.977751793628997,33.637791811951502],[-111.977742723014998,33.637566380526401],[-111.977676347466002,33.6374263729383],[-111.977691820865999,33.633377251046497],[-111.977889987094002,33.633379065169201],[-111.977905460494,33.626088159348697],[-111.977902739309002,33.626020930095301],[-111.977808191502007,33.625770901300399],[-111.977773616457995,33.625453643252101],[-111.977812726809006,33.625055443317002],[-111.977717271939994,33.624797250969898],[-111.977751793628997,33.6196618430698],[-111.977946384968007,33.618826386204702],[-111.977977278409995,33.614315463369699],[-111.977974557226005,33.613650907535302],[-111.977786368672994,33.613652721657999],[-111.977788182796004,33.605033611230098],[-111.977513609987994,33.605029075923298],[-111.977169086741995,33.604979987897003],[-111.976857271062002,33.604888161273799],[-111.976446372268001,33.604707282568199],[-111.976210002749994,33.604539102721603],[-111.975993641938004,33.604330905462099],[-111.975802732201004,33.604080022962499],[-111.975714533824004,33.603915471361198],[-111.975623614262005,33.603635456185103],[-111.975668166980995,33.6034518029388],[-111.975659096368005,33.599156387210698],[-111.975719069129994,33.598097259686497],[-111.975834532704994,33.597399089225398],[-111.976750024395997,33.5975791142262],[-111.978065476788004,33.597996362449898],[-111.978341810361997,33.597475442448903],[-111.978350934331999,33.597415469686403],[-111.978268178323006,33.597340930585503],[-111.977790903979994,33.597184542536503],[-111.978448203322998,33.597352722383199],[-111.978780934770995,33.597262709882799],[-111.979128179200998,33.5972572675146],[-111.979916362162996,33.5973727310896],[-111.980092705561006,33.597517273984401],[-111.980775455979,33.597609100607499],[-111.980904525474998,33.597059101286703],[-111.981100930937004,33.597065450716201],[-111.981131824379005,33.596838205168297],[-111.981148204839997,33.596579105759901],[-111.981134545562995,33.596189976438303],[-111.981013639620002,33.595469983148],[-111.981154554270006,33.595495434222599],[-111.981715438327001,33.595382745188303],[-111.983468201004996,33.5960918003857],[-111.985470885764997,33.596758170342802],[-111.985970889998995,33.596973624093003],[-111.986210887761999,33.597110003435702],[-111.986968177281,33.597669980431498],[-111.987279085899999,33.597967283129897],[-111.987424535855993,33.598465473240402],[-111.987832713466005,33.599399106158103],[-111.988643626317995,33.599112741552503],[-111.991574554983998,33.597805452712798],[-111.992647288428998,33.597379987580403],[-111.993422719175001,33.597192706088698],[-111.993971811433994,33.597105468128902],[-111.994524531939007,33.597049070255203],[-112.002286362673004,33.597011827383099],[-112.004483638772001,33.596983655124497],[-112.005382750001999,33.5969508942026],[-112.005979116164994,33.596969088786302],[-112.009476371256994,33.596949080079902],[-112.016396342340002,33.596863656242803],[-112.017490898613005,33.596848182843203],[-112.017487270367994,33.596742750299697],[-112.019916380677998,33.596709082316501],[-112.019916380677998,33.596813661155103],[-112.027856368933996,33.596686352425998],[-112.030487273717,33.596671839444298],[-112.030449977488999,33.597641808172902],[-112.030469079133994,33.600433636312601],[-112.030493623146995,33.602358207083199],[-112.030555463389007,33.603396365483],[-112.030567255186,33.604107288159703],[-112.031723651701995,33.604109102282401],[-112.031723651701995,33.605175432940797],[-112.031789066832005,33.605333635112601],[-112.031949990187996,33.605540925310599],[-112.032013644553004,33.605788179564897],[-112.032464560760005,33.605983624608797],[-112.032720885627995,33.606206388206402],[-112.032956348083999,33.6063282012108],[-112.033170894772994,33.606386359850703],[-112.033639098501993,33.606465434258297],[-112.033838171791999,33.606523646254701],[-112.033870932713,33.606553632636],[-112.033881817449995,33.606620915245998],[-112.033566373523996,33.607115477111002],[-112.034359998854001,33.607465442724703],[-112.034651805828005,33.607539074764098],[-112.034977280785,33.607553641102399],[-112.034977280785,33.608868186433],[-112.035000917735999,33.608999070050899],[-112.035051819884998,33.609051839679204],[-112.035091837297998,33.609076383692397],[-112.036172734294993,33.609142705884402],[-112.036050921289998,33.610097254569901],[-112.035823622386005,33.611080882575401],[-112.034394520541994,33.615531832647697],[-112.034212734774997,33.615958204841398],[-112.034041833743998,33.616255454183403],[-112.033786362580997,33.616597256244802],[-112.033339074620002,33.617039101838103],[-112.032792703544004,33.617419107189598],[-112.031847278829005,33.617938159711301],[-112.031648205539994,33.618072724931203],[-112.031320916460004,33.618349111861903],[-112.031071794726003,33.618633662344898],[-112.030880884989003,33.618931818748202],[-112.030742744880001,33.619249983857799],[-112.030659081809006,33.619580901182999],[-112.030632723674003,33.619950021798203],[-112.030696378038002,33.623219070924101],[-112.030728178542006,33.628859071720697],[-112.030781801874994,33.633180898941198],[-112.030791832906999,33.636689092125799],[-112.030862743762,33.640421809674102],[-112.030846363300995,33.6448563792855],[-112.030857248036995,33.655042731666498]]]}},
{"type":"Feature","properties":{"FID":12848,"ObjectID":12667,"ZIP":"85050","PO_NAME":"Phoenix","STATE":"AZ","POP2010":25343,"POP10_SQMI":1600.9,"POP2012":26915,"POP12_SQMI":1703.5,"WHITE":22389,"BLACK":465,"AMERI_ES":98,"ASIAN":1268,"HAWN_PI":13,"HISPANIC":2224,"OTHER":477,"MULT_RACE":633,"MALES":12111,"FEMALES":13232,"AGE_UNDER5":1844,"AGE_5_9":1853,"AGE_10_14":1744,"AGE_15_19":1482,"AGE_20_24":1084,"AGE_25_34":3605,"AGE_35_44":4431,"AGE_45_54":3850,"AGE_55_64":2577,"AGE_65_74":1619,"AGE_75_84":949,"AGE_85_UP":303,"MED_AGE":37.4,"MED_AGE_M":36.6,"MED_AGE_F":38.2,"HOUSEHOLDS":10109,"AVE_HH_SZ":2.5,"HSEHLD_1_M":1025,"HSEHLD_1_F":1655,"MARHH_CHD":2597,"MARHH_NO_C":2621,"MHH_CHILD":249,"FHH_CHILD":677,"FAMILIES":6672,"AVE_FAM_SZ":3.06,"HSE_UNITS":11250,"VACANT":1141,"OWNER_OCC":7808,"RENTER_OCC":2301,"SQMI":15.8},"geometry":{"type":"Polygon","coordinates":[[[-112.008529986124003,33.726499104432001],[-112.008239993272994,33.726962719497799],[-112.001263624315996,33.726930011932502],[-111.996486345581999,33.727167288511801],[-111.996417248848999,33.726570922348699],[-111.996381820099998,33.726466343510097],[-111.991419981058002,33.7264700251121],[-111.990747261671999,33.7264500164057],[-111.988661820901996,33.7261736294749],[-111.988307266625,33.7261636518],[-111.984089111181007,33.726177257720401],[-111.982012741025002,33.726479095725601],[-111.979546387843001,33.726487259277803],[-111.979546387843001,33.726620917436399],[-111.978749080911001,33.726620917436399],[-111.977775430579996,33.726620917436399],[-111.977421836721007,33.7267709026994],[-111.976924553672006,33.726576364716898],[-111.976627250974005,33.726400928379398],[-111.975922731083003,33.7264090919316],[-111.972698181319998,33.725342707916603],[-111.971142731165003,33.725021821622903],[-111.968988193662,33.724743620569399],[-111.962702738676001,33.725978184431099],[-111.960308203409994,33.726020015966498],[-111.960072740954004,33.725629072522203],[-111.959981821392006,33.725412711710597],[-111.959909096413995,33.721934558263897],[-111.959932733366003,33.721754533263102],[-111.959930919243007,33.719359997997202],[-111.959959998562994,33.718641818829703],[-111.959919074089001,33.718160009180203],[-111.959940896917999,33.7178254636096],[-111.959910910537005,33.7170427230161],[-111.959952742072005,33.716568169857403],[-111.959930919243007,33.7146572583638],[-111.960015436019006,33.714383645973697],[-111.959952742072005,33.7137690852269],[-111.959969976238,33.713136383253001],[-111.959932733366003,33.7126199985589],[-111.959962719746997,33.711809992768302],[-111.959923662752004,33.710448173534097],[-111.959997294792004,33.710161808928397],[-111.959943618102002,33.709767290595202],[-111.959959998562994,33.707560890525798],[-111.959939082795003,33.706747256489699],[-111.959969976238,33.706467294670098],[-111.960057267554006,33.7062690750857],[-111.960067298585997,33.706181837125797],[-111.959990892006005,33.705781823068001],[-111.959958184439998,33.705102700895303],[-111.959883645339005,33.7046536521677],[-111.959951835010997,33.704069984863601],[-111.959913631720994,33.703695475236799],[-111.959996387730001,33.702738205367197],[-111.959940896917999,33.702110892404903],[-111.959969069175997,33.701128171460901],[-111.959946339286006,33.700860001438897],[-111.959961812686004,33.700500004793803],[-111.959952742072005,33.700383634157497],[-111.959826340404007,33.700149078762301],[-111.959816362729001,33.700017288082897],[-111.959986356699005,33.699020907862],[-111.959999108914005,33.698731822072197],[-111.965589114623,33.698729100888201],[-111.965630892801997,33.698709092181801],[-111.967071839799999,33.698680919923198],[-111.968730001314995,33.6986736100759],[-111.968692705086994,33.698621800865503],[-111.968837247981,33.697322728934502],[-111.968915468684003,33.6968672774208],[-111.969207275657993,33.695969980313798],[-111.969440923991996,33.695480007112103],[-111.969846380418005,33.694400017176797],[-111.970271792193998,33.6934381586439],[-111.970728204124995,33.692576343642898],[-111.971422746341005,33.691413651054503],[-111.970909082831,33.691198197304303],[-111.969361796228,33.6907072636847],[-111.969722753290995,33.690023659561803],[-111.970939069211994,33.690399983311302],[-111.971077262677994,33.690378160482197],[-111.971648177765999,33.6894472487485],[-111.971948201648999,33.6895736504162],[-111.972389993885002,33.6898100199342],[-111.975710905577998,33.684314562032498],[-111.974949987814,33.683988180014097],[-111.975120888844998,33.683708164838002],[-111.975110911170006,33.683627276307703],[-111.974628194459001,33.6834791051674],[-111.974132725532002,33.6834291100797],[-111.974096389722007,33.683405473127898],[-111.974078195138006,33.683362734531102],[-111.974099110905996,33.683027281899101],[-111.974089986935994,33.682663657008597],[-111.975019991607994,33.682668192315397],[-111.975490009460003,33.682798168871997],[-111.975567269745,33.682787284135699],[-111.975596349065,33.6827563373365],[-111.975730914284995,33.682469065669501],[-111.976337258122996,33.682673634683503],[-111.976770886807003,33.681520919770101],[-111.976907266149993,33.681047273672803],[-111.977208197094001,33.679601844724203],[-111.977260913365001,33.679171844285101],[-111.977297249176004,33.678501792725903],[-111.977301837840002,33.675063656691997],[-111.977277293826006,33.6736445325228],[-111.977332731282004,33.667798201945999],[-111.977310001391999,33.663729071347902],[-111.977486344791004,33.663763646392503],[-111.977504539373996,33.659826359830198],[-111.977472738870006,33.656663650309099],[-111.977489065975007,33.656392705746498],[-111.977515477466994,33.655888166206502],[-111.977530897509993,33.6550763462932],[-111.977633662225998,33.655130930044201],[-111.979219098762997,33.655149071271303],[-111.984104531225,33.655138186534998],[-111.986288201402999,33.655179111009097],[-111.986296364956004,33.655105478969602],[-111.986361833442999,33.6550763462932],[-111.990218178117999,33.6550918196928],[-111.990404552548995,33.6550663686183],[-111.990407273732998,33.655217260942599],[-111.992257252046002,33.655222703310699],[-111.992268190139001,33.655127248442199],[-111.992301804766001,33.655092726754098],[-111.994098159746002,33.655082749079199],[-111.994099066806996,33.655219982126702],[-111.996419116328994,33.655203655022298],[-111.996663649398997,33.654697248003004],[-111.997607259991995,33.655130022982803],[-111.998576375015006,33.655086377324601],[-111.999723647560998,33.655078160415897],[-111.999981839908003,33.655150885394001],[-111.999740935082997,33.655219075065297],[-112.002356366466998,33.655212725635799],[-112.002499095239003,33.655143628903097],[-112.003911816623003,33.655172708223098],[-112.015456359992001,33.655099983245002],[-112.020016370853995,33.655100890306301],[-112.030857248036995,33.655042731666498],[-112.030877256744006,33.658051827679202],[-112.031528206657995,33.658043610770399],[-112.031527246240003,33.6591227470009],[-112.031563635406997,33.659171835027202],[-112.031543626700994,33.6598799831633],[-112.030889101897998,33.6598909212561],[-112.030899986633997,33.661388159414997],[-112.030870000253003,33.661843610928699],[-112.030753629616996,33.662775429723702],[-112.030623653060005,33.663355468782399],[-112.030081817291006,33.665298180780098],[-112.030006371129005,33.6657636099687],[-112.029990897730002,33.666229999575101],[-112.030029101020006,33.666697296243001],[-112.030093662446006,33.667056385826697],[-112.030242740646997,33.667590004686602],[-112.030637258979993,33.668723617955102],[-112.030818191042997,33.669563610127],[-112.030751815494,33.669635428043698],[-112.030873628498,33.670830934910498],[-112.031050025254004,33.680500902597302],[-112.031178187687999,33.680661825953102],[-112.031299093631006,33.6884491077614],[-112.031280899047005,33.689938182368103],[-112.031174559441993,33.690700914255203],[-112.031020892577004,33.6912954662956],[-112.030940911108004,33.691542720549798],[-112.030797275275006,33.691514548291202],[-112.030443628059004,33.692365478555999],[-112.030192745560001,33.692824558315003],[-112.029880929878999,33.693319973884897],[-112.025680008601995,33.699379997445703],[-112.025786348207006,33.6994372490242],[-112.021603621512995,33.705484520369502],[-112.020639095152006,33.706926374429202],[-112.014380905364007,33.716969998038003],[-112.008529986124003,33.726499104432001]]]}},
{"type":"Feature","properties":{"FID":12864,"ObjectID":12668,"ZIP":"85051","PO_NAME":"Phoenix","STATE":"AZ","POP2010":39638,"POP10_SQMI":6252.1,"POP2012":40607,"POP12_SQMI":6445.6,"WHITE":25418,"BLACK":2522,"AMERI_ES":1217,"ASIAN":1538,"HAWN_PI":96,"HISPANIC":15282,"OTHER":7219,"MULT_RACE":1628,"MALES":19881,"FEMALES":19757,"AGE_UNDER5":3215,"AGE_5_9":3060,"AGE_10_14":3001,"AGE_15_19":3067,"AGE_20_24":2937,"AGE_25_34":5579,"AGE_35_44":5509,"AGE_45_54":5565,"AGE_55_64":3747,"AGE_65_74":2273,"AGE_75_84":1310,"AGE_85_UP":378,"MED_AGE":33.1,"MED_AGE_M":32.4,"MED_AGE_F":33.9,"HOUSEHOLDS":13984,"AVE_HH_SZ":2.82,"HSEHLD_1_M":1880,"HSEHLD_1_F":1776,"MARHH_CHD":2873,"MARHH_NO_C":2682,"MHH_CHILD":693,"FHH_CHILD":1638,"FAMILIES":9131,"AVE_FAM_SZ":3.43,"HSE_UNITS":16335,"VACANT":2351,"OWNER_OCC":7859,"RENTER_OCC":6125,"SQMI":6.3},"geometry":{"type":"Polygon","coordinates":[[[-112.151524527245996,33.581950020215302],[-112.150795463343002,33.581937267999699],[-112.150704543781004,33.581911816925199],[-112.148602722549995,33.581933639754297],[-112.137019068829005,33.5819609049516],[-112.136868176505004,33.581885458789401],[-112.135888176744999,33.581852751223998],[-112.135597276832002,33.581688199622803],[-112.135438167599006,33.581880923482601],[-112.12952274029,33.581868171267097],[-112.124040888308002,33.581818176179397],[-112.120710906002003,33.581833649579004],[-112.117090930844,33.581907281618399],[-112.117131801962003,33.575392713605297],[-112.117287282950002,33.571629102614402],[-112.117449113367002,33.568768177742001],[-112.117450927489003,33.568169090394797],[-112.117400025340004,33.567317253068701],[-112.117221814461999,33.566045446334897],[-112.117036347093006,33.565205454162999],[-112.116795442268995,33.564378160850097],[-112.116500914111,33.5635581773845],[-112.116196354921001,33.562846347646499],[-112.115760912113998,33.561979090277397],[-112.115247248604007,33.561110925846897],[-112.113775461520007,33.558752726391702],[-112.113425442549001,33.558110900447801],[-112.113138170881996,33.557461818012897],[-112.112901801364004,33.556799983362602],[-112.112681812307002,33.555966340620202],[-112.112592706868,33.5554963761248],[-112.112510004214997,33.554760002373698],[-112.112491809632004,33.553209087525097],[-112.112677277000998,33.553134548424197],[-112.112620932484006,33.553118167963298],[-112.112491809632004,33.553022713094698],[-112.112437279237,33.538705443230299],[-112.112387284150003,33.538646377529098],[-112.112385470026993,33.538597289502803],[-112.112434558052996,33.538538170445001],[-112.114058197879999,33.538530913954197],[-112.114248200556005,33.538616337791296],[-112.115676341981995,33.538567249764903],[-112.119638172557003,33.5385590862127],[-112.119655460079997,33.5381882048314],[-112.124076370414002,33.538211841783202],[-112.124073649229999,33.538550015599199],[-112.129976377681004,33.538536356322297],[-112.129971842374005,33.538393627550199],[-112.131702728866998,33.538382742813901],[-112.131700007682994,33.5385290998315],[-112.134348199989006,33.538519068799999],[-112.137503653018996,33.538507277002402],[-112.137501838896,33.538364548230199],[-112.138612722274004,33.538360919984797],[-112.138612722274004,33.538506369940997],[-112.150013629810999,33.538452746607902],[-112.150137256937995,33.538393627550199],[-112.151434568102005,33.538386371059303],[-112.151428165316005,33.546628197319897],[-112.151560916413999,33.553139990792403],[-112.151626384900993,33.567657294363997],[-112.151524527245996,33.581950020215302]]]}},
{"type":"Feature","properties":{"FID":12869,"ObjectID":12669,"ZIP":"85053","PO_NAME":"Phoenix","STATE":"AZ","POP2010":28602,"POP10_SQMI":5532.3,"POP2012":28354,"POP12_SQMI":5452.7,"WHITE":22778,"BLACK":1204,"AMERI_ES":481,"ASIAN":618,"HAWN_PI":46,"HISPANIC":5878,"OTHER":2480,"MULT_RACE":995,"MALES":14432,"FEMALES":14170,"AGE_UNDER5":1874,"AGE_5_9":1811,"AGE_10_14":2032,"AGE_15_19":2186,"AGE_20_24":2176,"AGE_25_34":4148,"AGE_35_44":3943,"AGE_45_54":4271,"AGE_55_64":3327,"AGE_65_74":1738,"AGE_75_84":799,"AGE_85_UP":300,"MED_AGE":35.2,"MED_AGE_M":33.9,"MED_AGE_F":36.4,"HOUSEHOLDS":10893,"AVE_HH_SZ":2.61,"HSEHLD_1_M":1448,"HSEHLD_1_F":1320,"MARHH_CHD":2083,"MARHH_NO_C":2566,"MHH_CHILD":489,"FHH_CHILD":1130,"FAMILIES":7161,"AVE_FAM_SZ":3.14,"HSE_UNITS":11938,"VACANT":1045,"OWNER_OCC":6703,"RENTER_OCC":4190,"SQMI":5.2},"geometry":{"type":"Polygon","coordinates":[[[-112.134499092313007,33.654669075744501],[-112.123869080215997,33.6546754785305],[-112.120835440190007,33.6546554698241],[-112.117158160098001,33.654680920898599],[-112.117068200953995,33.654679106775902],[-112.116930914549997,33.654609102981901],[-112.116837273803995,33.654606381797798],[-112.113949083733999,33.654631832872298],[-112.114060919064002,33.653859977015202],[-112.114446366783994,33.650311819774501],[-112.115010025380997,33.643128160620201],[-112.114967286783994,33.6427427129005],[-112.114836349810005,33.642303641847803],[-112.114756368341006,33.642131833755798],[-112.114161816301007,33.641132732350698],[-112.114019994589995,33.640805443270999],[-112.113977255993007,33.640186347217501],[-112.113993636453998,33.639377248488202],[-112.114052702155007,33.639133622479299],[-112.114165444546003,33.638928199760599],[-112.114885437835994,33.638116379847197],[-112.115107294373004,33.637809099473799],[-112.115293615446006,33.6374518240128],[-112.115402729592006,33.6371109290127],[-112.115528170841998,33.636391842783901],[-112.115576351806993,33.635920010809301],[-112.115846389308004,33.632535444751802],[-112.116122722881997,33.632535444751802],[-112.116335455447995,33.632508179554598],[-112.116551816259999,33.629789076393003],[-112.116651806435002,33.627809975227997],[-112.116708204309006,33.625346343229403],[-112.116800884637001,33.610753646852103],[-112.119385475935005,33.610740894636599],[-112.119616349728005,33.610810898430699],[-112.126118165525995,33.610839070689202],[-112.127786358072001,33.610835442443801],[-112.127780915703994,33.610702744703097],[-112.129952740728996,33.610719071807502],[-112.131133627900994,33.610677293628598],[-112.131324537637994,33.610761810404298],[-112.138251818567994,33.610749111545402],[-112.138239066352,33.610036374746002],[-112.139069987911,33.6098872965444],[-112.139108191201004,33.609956339920501],[-112.139172752627005,33.609968185074699],[-112.142498199626004,33.609950897552302],[-112.142497292564997,33.610280000754798],[-112.144913650660001,33.610219974635697],[-112.145592719475999,33.610352725732902],[-112.145604564630005,33.610708187071303],[-112.151062726302996,33.610642718584003],[-112.151071796916995,33.610802734878497],[-112.151182725184995,33.610803641939803],[-112.151297281698007,33.610937246741798],[-112.151298188759995,33.611176337443901],[-112.151188167553002,33.611323654879399],[-112.151178189877996,33.611641819989003],[-112.151128194790004,33.623351822021299],[-112.151039996413004,33.630510883805897],[-112.151044531720004,33.632303610540703],[-112.151095433869003,33.633022750126102],[-112.151682729417999,33.638216370022498],[-112.151763617948006,33.638311824891098],[-112.151886338013995,33.639222727918401],[-112.134467291809003,33.639502743094603],[-112.134476362423001,33.640999074192202],[-112.134469105931998,33.641101838908099],[-112.134398195076002,33.641210899697001],[-112.134459981961996,33.647363656942296],[-112.134499092313007,33.654669075744501]]]}},
{"type":"Feature","properties":{"FID":12874,"ObjectID":12670,"ZIP":"85054","PO_NAME":"Phoenix","STATE":"AZ","POP2010":5372,"POP10_SQMI":381.0,"POP2012":5389,"POP12_SQMI":382.2,"WHITE":4625,"BLACK":172,"AMERI_ES":34,"ASIAN":292,"HAWN_PI":5,"HISPANIC":406,"OTHER":105,"MULT_RACE":140,"MALES":2657,"FEMALES":2715,"AGE_UNDER5":206,"AGE_5_9":202,"AGE_10_14":200,"AGE_15_19":201,"AGE_20_24":477,"AGE_25_34":1386,"AGE_35_44":901,"AGE_45_54":746,"AGE_55_64":565,"AGE_65_74":330,"AGE_75_84":124,"AGE_85_UP":37,"MED_AGE":35.2,"MED_AGE_M":34.8,"MED_AGE_F":35.6,"HOUSEHOLDS":2954,"AVE_HH_SZ":1.81,"HSEHLD_1_M":649,"HSEHLD_1_F":727,"MARHH_CHD":308,"MARHH_NO_C":628,"MHH_CHILD":42,"FHH_CHILD":111,"FAMILIES":1210,"AVE_FAM_SZ":2.61,"HSE_UNITS":3783,"VACANT":829,"OWNER_OCC":1094,"RENTER_OCC":1860,"SQMI":14.1},"geometry":{"type":"Polygon","coordinates":[[[-111.960308203409994,33.726020015966498],[-111.958818168386003,33.726084524035898],[-111.958096360973002,33.726095462128697],[-111.956890929788003,33.726067289870102],[-111.955991818558005,33.726335459892098],[-111.955688166429994,33.726536347304098],[-111.95508726496,33.726392711470602],[-111.954156353225997,33.726260013729899],[-111.951576350592006,33.726167280045402],[-111.947123639753002,33.726372702764202],[-111.937990012110006,33.726408184870202],[-111.932809091072997,33.726377291427603],[-111.929008183853,33.726429100637901],[-111.927289089157995,33.7264090919316],[-111.927877291768993,33.726710022875402],[-111.92561998955,33.726701805966698],[-111.925448181457995,33.726005449628303],[-111.925337253189994,33.725336358487098],[-111.925313616238,33.724805460811297],[-111.925295475010998,33.722693661905602],[-111.925297289133994,33.716237252532302],[-111.925338160251002,33.714036348187499],[-111.925331810822001,33.711853638426398],[-111.925360890142002,33.709629097129898],[-111.925344563037001,33.7079663469518],[-111.925391836941003,33.707857286162898],[-111.925348191283007,33.704647249381701],[-111.925292753826994,33.704548166267699],[-111.925298196195001,33.701919982667903],[-111.925334532006005,33.6979572983876],[-111.925336346129001,33.691433659760897],[-111.925414566830995,33.688857285371498],[-111.925381805908998,33.684196377273501],[-111.925417288014998,33.676802706737099],[-111.925351819528004,33.676679986671303],[-111.925345470099003,33.673470003246599],[-111.925357261895996,33.671985463946697],[-111.925406349922994,33.671884566709998],[-111.925407256984002,33.670029999733401],[-111.925348191283007,33.661593635490298],[-111.925420009199996,33.661437247441299],[-111.925414566830995,33.660262709698799],[-111.925472725470996,33.657643650069097],[-111.925439110845005,33.6550463599119],[-111.925489105932002,33.646715428212303],[-111.925462747796004,33.645108168846498],[-111.925457252071993,33.642323650554196],[-111.925486384747998,33.640621843381297],[-111.925580932554993,33.640587268336702],[-111.931098159930002,33.640139073313797],[-111.933090920371001,33.640329075989598],[-111.933243626819007,33.640436376012303],[-111.935214564431007,33.640774549828301],[-111.939072723229998,33.641571803403401],[-111.942973620624002,33.642405446145901],[-111.943607283015993,33.642580882483401],[-111.944490920845993,33.642909078624498],[-111.945330913017997,33.643301836191498],[-111.956191798909003,33.649217263500901],[-111.956372730970998,33.649160918983803],[-111.956471814085006,33.649175431965404],[-111.957907265358003,33.649961800804299],[-111.958912716192998,33.650479999621098],[-111.960545479990003,33.651209116881397],[-111.961474524243997,33.651546383636102],[-111.973039076320006,33.654946369736599],[-111.975157278012006,33.655606336907603],[-111.977489065975007,33.656392705746498],[-111.977472738870006,33.656663650309099],[-111.977504539373996,33.659826359830198],[-111.977486344791004,33.663763646392503],[-111.977310001391999,33.663729071347902],[-111.977332731282004,33.667798201945999],[-111.977277293826006,33.6736445325228],[-111.977301837840002,33.675063656691997],[-111.977297249176004,33.678501792725903],[-111.977260913365001,33.679171844285101],[-111.977208197094001,33.679601844724203],[-111.976907266149993,33.681047273672803],[-111.976770886807003,33.681520919770101],[-111.976337258122996,33.682673634683503],[-111.975730914284995,33.682469065669501],[-111.975596349065,33.6827563373365],[-111.975567269745,33.682787284135699],[-111.975490009460003,33.682798168871997],[-111.975019991607994,33.682668192315397],[-111.974089986935994,33.682663657008597],[-111.974099110905996,33.683027281899101],[-111.974078195138006,33.683362734531102],[-111.974096389722007,33.683405473127898],[-111.974132725532002,33.6834291100797],[-111.974628194459001,33.6834791051674],[-111.975110911170006,33.683627276307703],[-111.975120888844998,33.683708164838002],[-111.974949987814,33.683988180014097],[-111.975710905577998,33.684314562032498],[-111.972389993885002,33.6898100199342],[-111.971948201648999,33.6895736504162],[-111.971648177765999,33.6894472487485],[-111.971077262677994,33.690378160482197],[-111.970939069211994,33.690399983311302],[-111.969722753290995,33.690023659561803],[-111.969361796228,33.6907072636847],[-111.970909082831,33.691198197304303],[-111.971422746341005,33.691413651054503],[-111.970728204124995,33.692576343642898],[-111.970271792193998,33.6934381586439],[-111.969846380418005,33.694400017176797],[-111.969440923991996,33.695480007112103],[-111.969207275657993,33.695969980313798],[-111.968915468684003,33.6968672774208],[-111.968837247981,33.697322728934502],[-111.968692705086994,33.698621800865503],[-111.968730001314995,33.6986736100759],[-111.967071839799999,33.698680919923198],[-111.965630892801997,33.698709092181801],[-111.965589114623,33.698729100888201],[-111.959999108914005,33.698731822072197],[-111.959986356699005,33.699020907862],[-111.959816362729001,33.700017288082897],[-111.959826340404007,33.700149078762301],[-111.959952742072005,33.700383634157497],[-111.959961812686004,33.700500004793803],[-111.959946339286006,33.700860001438897],[-111.959969069175997,33.701128171460901],[-111.959940896917999,33.702110892404903],[-111.959996387730001,33.702738205367197],[-111.959913631720994,33.703695475236799],[-111.959951835010997,33.704069984863601],[-111.959883645339005,33.7046536521677],[-111.959958184439998,33.705102700895303],[-111.959990892006005,33.705781823068001],[-111.960067298585997,33.706181837125797],[-111.960057267554006,33.7062690750857],[-111.959969976238,33.706467294670098],[-111.959939082795003,33.706747256489699],[-111.959959998562994,33.707560890525798],[-111.959943618102002,33.709767290595202],[-111.959997294792004,33.710161808928397],[-111.959923662752004,33.710448173534097],[-111.959962719746997,33.711809992768302],[-111.959932733366003,33.7126199985589],[-111.959969976238,33.713136383253001],[-111.959952742072005,33.7137690852269],[-111.960015436019006,33.714383645973697],[-111.959930919243007,33.7146572583638],[-111.959952742072005,33.716568169857403],[-111.959910910537005,33.7170427230161],[-111.959940896917999,33.7178254636096],[-111.959919074089001,33.718160009180203],[-111.959959998562994,33.718641818829703],[-111.959930919243007,33.719359997997202],[-111.959932733366003,33.721754533263102],[-111.959909096413995,33.721934558263897],[-111.959981821392006,33.725412711710597],[-111.960072740954004,33.725629072522203],[-111.960308203409994,33.726020015966498]]]}},
{"type":"Feature","properties":{"FID":12888,"ObjectID":12671,"ZIP":"85083","PO_NAME":"Phoenix","STATE":"AZ","POP2010":17757,"POP10_SQMI":2630.7,"POP2012":18622,"POP12_SQMI":1881.0,"WHITE":14991,"BLACK":364,"AMERI_ES":95,"ASIAN":1490,"HAWN_PI":17,"HISPANIC":1654,"OTHER":343,"MULT_RACE":458,"MALES":8907,"FEMALES":8850,"AGE_UNDER5":1489,"AGE_5_9":1560,"AGE_10_14":1556,"AGE_15_19":1394,"AGE_20_24":696,"AGE_25_34":2217,"AGE_35_44":3397,"AGE_45_54":2718,"AGE_55_64":1753,"AGE_65_74":731,"AGE_75_84":178,"AGE_85_UP":67,"MED_AGE":34.9,"MED_AGE_M":34.5,"MED_AGE_F":35.2,"HOUSEHOLDS":5837,"AVE_HH_SZ":3.0,"HSEHLD_1_M":345,"HSEHLD_1_F":371,"MARHH_CHD":2360,"MARHH_NO_C":1778,"MHH_CHILD":165,"FHH_CHILD":325,"FAMILIES":4831,"AVE_FAM_SZ":3.29,"HSE_UNITS":6256,"VACANT":419,"OWNER_OCC":5256,"RENTER_OCC":581,"SQMI":9.9},"geometry":{"type":"Polygon","coordinates":[[[-112.203376369504994,33.751210016875397],[-112.200424525071,33.748580019152897],[-112.198031803928004,33.746390906605697],[-112.196734546119004,33.745120913994597],[-112.192029085301996,33.740391816225397],[-112.191853648963999,33.740234521114999],[-112.191515475147995,33.740002740260401],[-112.190811808963005,33.7396172925407],[-112.190379994400999,33.739437267539898],[-112.176013636510007,33.734291828608399],[-112.175521795828999,33.734128184068503],[-112.174888186794007,33.734013627554901],[-112.174579999358997,33.7340000216346],[-112.174056358173999,33.734016348738997],[-112.173426377384004,33.7341399758661],[-112.170848188872,33.735095431612898],[-112.166029985663997,33.736772748129297],[-112.163348178730999,33.737776384841098],[-112.162569066383,33.738017289665798],[-112.162111800746999,33.738099085257502],[-112.161260923838,33.738152708590597],[-112.160396387652995,33.738079076551102],[-112.156334566902004,33.737569094643],[-112.155919079444999,33.737555435366097],[-112.155461813808998,33.737576351133903],[-112.155002734050001,33.737641819621103],[-112.152882718235006,33.738078169489803],[-112.147111833821,33.7392999811359],[-112.143948163882001,33.7399427141412],[-112.140877280984,33.740611805282398],[-112.136428198390007,33.741503660021301],[-112.133008203583998,33.742226374495502],[-112.132547256345006,33.742343652193199],[-112.131889103296999,33.7425791146498],[-112.131180901804001,33.742970911798899],[-112.130328157416997,33.743643631185499],[-112.128028169958,33.7455909318466],[-112.127590005966994,33.745888181188498],[-112.126921821886995,33.746215470268197],[-112.126397273641004,33.746389092483],[-112.124979109888997,33.746661797811797],[-112.122099990433,33.733026371304099],[-112.121343661332006,33.7284327458161],[-112.120972726594005,33.728739065771599],[-112.116525458124002,33.707592744386403],[-112.116187284307998,33.7060936387482],[-112.114882716652005,33.699791803301203],[-112.117624549704004,33.699459071853298],[-112.118239110451,33.699409076765697],[-112.118323627226999,33.699364524046103],[-112.119010005890004,33.699421828981201],[-112.119716339904002,33.699563650691999],[-112.120180008326003,33.699710914770897],[-112.120639995146007,33.699910895121597],[-112.122315444183002,33.700736374311802],[-112.122898204425994,33.700939982907897],[-112.123402743965997,33.701060888850897],[-112.123919982364995,33.701129985583599],[-112.124437274120993,33.701149994289999],[-112.124895446818002,33.701132706767702],[-112.125457291293003,33.701054539421399],[-112.125937286820005,33.700942704092],[-112.126629107851997,33.700689100408198],[-112.127096351163004,33.700450009706103],[-112.127392746799998,33.700259099969003],[-112.129212738731994,33.699024536107402],[-112.129862728228005,33.698710906304498],[-112.130330024895997,33.698550890010097],[-112.131090889304005,33.698384524286098],[-112.131713613602997,33.698329993891697],[-112.134906362861997,33.698350909659403],[-112.134953636765005,33.703572701814501],[-112.135009074221003,33.705592727453599],[-112.134981809023998,33.705703655721699],[-112.135010888343999,33.7066508945599],[-112.134990932994,33.708460001755498],[-112.135020919374995,33.7091809021071],[-112.135052719878999,33.711406350464998],[-112.135024547621001,33.712819071848202],[-112.136699996657995,33.712781828976098],[-112.136950932513997,33.712857275138198],[-112.140964518942994,33.712829102879603],[-112.144558189321998,33.712859089260903],[-112.144691794124,33.712797249019097],[-112.145999990025004,33.712776386607899],[-112.152348192313994,33.712722709918303],[-112.161320896600998,33.712596361607098],[-112.178788177127004,33.7124336241286],[-112.187421800536995,33.712391792593102],[-112.191147261595006,33.712307275817402],[-112.198240001187003,33.712247249698301],[-112.198401831604002,33.712173617658799],[-112.198516388117994,33.712164547045198],[-112.201130912441002,33.712134560663898],[-112.201725464481001,33.712132746541201],[-112.201768203078004,33.712216356255603],[-112.201859976345006,33.712298205203801],[-112.203149070601,33.7122881741724],[-112.203132743495999,33.713323611388198],[-112.203198158627004,33.7227345330231],[-112.203277286391,33.722848182475303],[-112.203279100513996,33.723105467761002],[-112.203247246653007,33.723541817629702],[-112.203265441236994,33.725773615417097],[-112.203219981456002,33.725839083904297],[-112.203259091806999,33.729180004303501],[-112.203247246653007,33.739376387716],[-112.203362710228006,33.739383644206796],[-112.203379997751,33.740301803725004],[-112.203300016282,33.743939973466098],[-112.203288171126999,33.746853614610202],[-112.203320024988003,33.748550886476401],[-112.203320024988003,33.750152703474001],[-112.203376369504994,33.751210016875397]]]}},
{"type":"Feature","properties":{"FID":12894,"ObjectID":12672,"ZIP":"85085","PO_NAME":"Phoenix","STATE":"AZ","POP2010":18123,"POP10_SQMI":317.2,"POP2012":20225,"POP12_SQMI":354.2,"WHITE":15172,"BLACK":451,"AMERI_ES":107,"ASIAN":1345,"HAWN_PI":39,"HISPANIC":1793,"OTHER":448,"MULT_RACE":562,"MALES":8952,"FEMALES":9171,"AGE_UNDER5":1953,"AGE_5_9":1471,"AGE_10_14":1072,"AGE_15_19":858,"AGE_20_24":1252,"AGE_25_34":3730,"AGE_35_44":3328,"AGE_45_54":2163,"AGE_55_64":1418,"AGE_65_74":593,"AGE_75_84":194,"AGE_85_UP":90,"MED_AGE":31.7,"MED_AGE_M":32.1,"MED_AGE_F":31.4,"HOUSEHOLDS":6884,"AVE_HH_SZ":2.63,"HSEHLD_1_M":775,"HSEHLD_1_F":767,"MARHH_CHD":2018,"MARHH_NO_C":1715,"MHH_CHILD":230,"FHH_CHILD":438,"FAMILIES":4676,"AVE_FAM_SZ":3.14,"HSE_UNITS":7965,"VACANT":1081,"OWNER_OCC":4288,"RENTER_OCC":2596,"SQMI":57.1},"geometry":{"type":"Polygon","coordinates":[[[-112.219760885555999,33.797677276144],[-112.203406355886003,33.797849991297497],[-112.186910004506004,33.797837292438501],[-112.185119998955997,33.797869092942499],[-112.172159105956993,33.7982654787549],[-112.168862738277994,33.798312752658497],[-112.152536380867005,33.798008193469201],[-112.150697287290001,33.798003658162401],[-112.142081805106997,33.798200010267699],[-112.141074540150001,33.798183629806701],[-112.140993651619993,33.798222740158103],[-112.140571814732994,33.798235439017098],[-112.130560898688998,33.798359973205599],[-112.130362732462004,33.798769111233497],[-112.129889086364003,33.798914561189697],[-112.129560890223004,33.798389105882102],[-112.129217274038993,33.798407247109203],[-112.128914528972004,33.798380888973298],[-112.117061798167995,33.798491817241498],[-112.100119065887995,33.798563635158203],[-112.099489992158993,33.798608187877697],[-112.098907285273,33.798698200378098],[-112.098338184306996,33.7988418362117],[-112.097481811674001,33.799137271430901],[-112.096830915116996,33.799449994172299],[-112.094979976386,33.800590010226799],[-112.094279084739995,33.800897290600197],[-112.094021799455007,33.800983621498602],[-112.093655453379995,33.801083611674002],[-112.092617294980002,33.801269986104302],[-112.092106352654,33.801336361652901],[-112.091535437565994,33.801368162156898],[-112.091003632828006,33.801354556236603],[-112.090297298815003,33.801279110074397],[-112.089647255962007,33.8011508942839],[-112.089300918594006,33.801051811169998],[-112.088588181795004,33.800788176454702],[-112.088203641137,33.800610925994498],[-112.086945440323007,33.799949091344203],[-112.086438179599,33.799706372396699],[-112.085517298897003,33.799397277900603],[-112.084650895232997,33.799226376869903],[-112.084190001351004,33.799180917088997],[-112.082731820187007,33.799165443689397],[-112.082742704923007,33.799032745948701],[-112.074021843552998,33.799052701298599],[-112.074024564737002,33.799165443689397],[-112.063946366083997,33.799159094259899],[-112.061143653208006,33.799180917088997],[-112.048039978080993,33.799195430070696],[-112.031277270801993,33.799277279018902],[-112.030440906875,33.799271836650803],[-112.030080910229998,33.799277279018902],[-112.029696369571994,33.799277279018902],[-112.027072721278998,33.799227283931302],[-112.013025435559001,33.799259084435199],[-112.002609116445996,33.799262712680701],[-112.000013640412007,33.799243611035699],[-111.995901824572996,33.799160908382603],[-111.996041832160998,33.798869101408897],[-111.996081796216998,33.798390012943401],[-111.996167273411004,33.798068166231801],[-111.996420023390002,33.7977472799381],[-111.996893616131004,33.796869991537498],[-111.997001823215001,33.796626365528702],[-111.997013615011994,33.7964727520202],[-111.996897297733,33.795993610198202],[-111.996907275408006,33.795846346119298],[-111.996996380846994,33.795635481032399],[-111.997119100912002,33.795230024606397],[-111.997190918829006,33.795082707170899],[-111.997386363873005,33.794822700701097],[-111.997570924181005,33.794679064867601],[-111.998632719531997,33.7940027172356],[-111.999070883523999,33.793862709647499],[-111.999167298809994,33.793815435743902],[-111.999351805760995,33.793660915174101],[-111.99955274653,33.793393652213503],[-111.999999074073003,33.792986381664797],[-112.000189076748995,33.792688171904999],[-112.000537281597005,33.792215432869],[-112.000886340148995,33.791876351991597],[-112.001859083417997,33.7911463810265],[-112.002271796334995,33.7907999903017],[-112.002939980414993,33.790290915455003],[-112.003656345460001,33.789622731375097],[-112.004060894823994,33.789176350475103],[-112.005860931406005,33.787023627095202],[-112.006144521471001,33.786716346721903],[-112.006370006252993,33.786529065230198],[-112.007958163973996,33.785505473168598],[-112.009052720246999,33.784860018979202],[-112.009515428252001,33.784546389176299],[-112.011299084372993,33.783433638319103],[-112.012332707466001,33.782571823318101],[-112.013118169243,33.781782733295202],[-112.013547262621003,33.781199065991103],[-112.013652748520997,33.781019094346803],[-112.013812711458996,33.780503616714],[-112.014130929925003,33.779082731778601],[-112.014256371174994,33.778020883070397],[-112.014471824924996,33.777489985394503],[-112.015081797009003,33.776652714406701],[-112.015566381198994,33.776160020020903],[-112.015878196879001,33.775919115196103],[-112.016217277756994,33.7757499749316],[-112.016522744007005,33.775727298397697],[-112.016603632537993,33.775699072782601],[-112.017007274841006,33.7754900218183],[-112.017313648153007,33.775362713089301],[-112.017536358393997,33.775233643593999],[-112.018601835347994,33.774401814974297],[-112.018852717846997,33.7741390873204],[-112.019048162890996,33.773990009118798],[-112.019322735699006,33.773846373285302],[-112.019559105216999,33.773568172231798],[-112.020130020305999,33.772781803393002],[-112.020338164208994,33.772583637164999],[-112.020529981007002,33.772466359467401],[-112.020736364144,33.772283613282497],[-112.020837261379995,33.772157264971298],[-112.021229111886001,33.770543656176102],[-112.021326380876999,33.770342715407502],[-112.021558161732003,33.7700072627756],[-112.021823610569996,33.769729115078697],[-112.022024551338006,33.769598178104197],[-112.022461808268005,33.769392702028803],[-112.022663656098004,33.769219079814],[-112.023022745681999,33.769005440186497],[-112.023312738532994,33.768878184814],[-112.023367268927998,33.768830910910403],[-112.023406379278995,33.768761814177701],[-112.023425480924004,33.768093630097802],[-112.023445436274002,33.768009113322101],[-112.023909104696003,33.767279996061802],[-112.023912732941994,33.767037277114298],[-112.023886374805997,33.766859066236201],[-112.023678177546003,33.766258164766299],[-112.023636346011003,33.766018167002898],[-112.023680898731001,33.765943627902097],[-112.023947254630002,33.765890004569002],[-112.024010908994001,33.765810023100002],[-112.024183624147994,33.765426389503098],[-112.024488183336999,33.765252713931801],[-112.024622748556993,33.765101821607502],[-112.024740933315996,33.764808200510998],[-112.024804534324005,33.764526371212099],[-112.024956387065998,33.763629981166503],[-112.024999072306997,33.763211825881498],[-112.025110907636005,33.762617273841101],[-112.025163623908,33.762468195639499],[-112.02523907007,33.762351825003201],[-112.025296375004999,33.762138185375697],[-112.025270016869001,33.761888156580802],[-112.025073611406995,33.761207273642],[-112.024678186013006,33.760592712895203],[-112.024600018667002,33.760383661931002],[-112.024455475772001,33.760101832632103],[-112.024331795288006,33.759919086447297],[-112.024267287219004,33.759752720723299],[-112.024189066516001,33.7590136257881],[-112.024232712173998,33.7582254428265],[-112.024194562240993,33.757825428768598],[-112.023949068752003,33.757275429447802],[-112.023824534564,33.7568254736588],[-112.023799083490005,33.756431809030502],[-112.023887281867005,33.7556309272099],[-112.023974519826993,33.755351819095203],[-112.024517262657,33.753969991154598],[-112.024550023578996,33.7537882053876],[-112.024588173512001,33.753126370737199],[-112.024712707700999,33.752871806635603],[-112.024612717525997,33.752363638850198],[-112.024612717525997,33.752260020429503],[-112.024641796845003,33.752159976897602],[-112.025054563118999,33.751200892905302],[-112.025580925488001,33.750329100229401],[-112.025691800399997,33.750084567159199],[-112.025934519347004,33.749479984087401],[-112.026186362264994,33.748580019152897],[-112.026284538317,33.748423631103798],[-112.026864524019004,33.747739066563],[-112.027205472375996,33.747385472704003],[-112.027397289174004,33.747229991716303],[-112.027669994503,33.747075471146502],[-112.027928186850005,33.7469863657074],[-112.028828205140996,33.746901795575198],[-112.028978190404004,33.746856389150899],[-112.029118197992005,33.746791827724898],[-112.029629086962004,33.746476383799397],[-112.030206351480004,33.7462281691272],[-112.030500025932994,33.746029095837898],[-112.030629095427997,33.745880017636303],[-112.030786337181993,33.745634524148201],[-112.030849084484998,33.745490888314698],[-112.030957291568996,33.745101812349603],[-112.031098206218999,33.744814540682597],[-112.031325451767003,33.7444563581602],[-112.031656369092005,33.744190909322299],[-112.031988193478,33.744010884321497],[-112.033043639400006,33.743234546514103],[-112.033240898567001,33.743111826448299],[-112.033739995738998,33.742899093882201],[-112.033897290848998,33.742795475461399],[-112.034183655454996,33.742525437960097],[-112.034298158612003,33.742385430372103],[-112.034379100498995,33.742220025066104],[-112.034414529247996,33.742093623398297],[-112.034411808063993,33.7419963544071],[-112.034369976529007,33.741859068003002],[-112.034298158612003,33.7417454719074],[-112.033872746835996,33.7413591171264],[-112.033660014269998,33.741195472586497],[-112.033639098501993,33.741089986686497],[-112.033713637603,33.740866369384101],[-112.033769982120006,33.740470890632999],[-112.033830008238994,33.740386373857199],[-112.034425467340995,33.739781844142001],[-112.034621819446002,33.739508178395297],[-112.035166376399005,33.738554536771197],[-112.035278158371995,33.738289994994602],[-112.035371799117996,33.737853645126002],[-112.035474563834001,33.737082749686699],[-112.035547288811998,33.736886344224899],[-112.035653628416995,33.736707279641998],[-112.035796357189,33.736557294378997],[-112.036519071662994,33.736170886241503],[-112.03729727695,33.735619979859301],[-112.038126384384995,33.7349736186085],[-112.038270927279996,33.734755443674203],[-112.038390019101001,33.734276355208799],[-112.038425447850003,33.734007278125397],[-112.038490009276003,33.733841819462903],[-112.038548167916005,33.733785474945698],[-112.039154565109996,33.733430013607403],[-112.039301829189,33.733363638058698],[-112.039569999210997,33.733318178277798],[-112.039669989386994,33.733279974987802],[-112.040330916976004,33.732823616412801],[-112.041625453600005,33.732028176960398],[-112.041699085638996,33.731962708473098],[-112.041807292723007,33.731817258516898],[-112.041830022613993,33.731751843386199],[-112.041832743797997,33.731380908648298],[-112.041861823117998,33.731280918472997],[-112.042093657329005,33.730946372902402],[-112.042176359981994,33.7307272909067],[-112.042224540947004,33.730471819743698],[-112.042260930113997,33.7303700154457],[-112.042304522416003,33.730317299173898],[-112.04238365018,33.730281817067898],[-112.042602732175993,33.730243613777901],[-112.042767283776996,33.730250016564],[-112.043191841848,33.730409072440501],[-112.043695474326995,33.730556389876],[-112.043911835138005,33.730547265905898],[-112.044126381826999,33.730465470314201],[-112.044193611080999,33.730410886563199],[-112.044278181213002,33.730250923625299],[-112.044222743757004,33.729781812834801],[-112.044258172506005,33.729455430816401],[-112.04435725562,33.729216340114299],[-112.044521807221997,33.7289900016278],[-112.045101792924001,33.728409108864298],[-112.045884533516997,33.727787291626697],[-112.045950002004005,33.727713659587202],[-112.046188185644993,33.727356384126203],[-112.046390887179996,33.726902746735298],[-112.046463612158007,33.7265000114933],[-112.046651800711004,33.726242726207602],[-112.046767264286004,33.725981812676501],[-112.046812724066996,33.725936352895602],[-112.046920931151007,33.725929096404698],[-112.047120004440004,33.726040024672898],[-112.047428191874999,33.726055444715897],[-112.048710883344995,33.726353654475801],[-112.048957283893998,33.726264549036699],[-112.049038172425,33.725897295900801],[-112.048997247950993,33.725610931295101],[-112.048114570538004,33.724387252169699],[-112.047627265163996,33.7234227258093],[-112.047139106084998,33.7222281793604],[-112.046529987707004,33.720291816792198],[-112.046414524132004,33.719717273458201],[-112.046015470491994,33.719251844269699],[-112.045271840249995,33.718175429223201],[-112.045119987506993,33.717759088060902],[-112.044966373999003,33.717451807687603],[-112.044693615314003,33.717172752929301],[-112.045190898363003,33.717041815954801],[-112.046656389373993,33.717222748017001],[-112.057661818159005,33.716839114419997],[-112.065075444046002,33.714093653122603],[-112.065951825385,33.7136990814329],[-112.066369073608996,33.713640922792997],[-112.066485444245004,33.713563662508101],[-112.066648181722996,33.713527273340802],[-112.064765442487996,33.710523619696197],[-112.063878176412999,33.708953656559203],[-112.065713641743997,33.708730892961498],[-112.065708199376004,33.700629074289097],[-112.065672717270004,33.700368160757897],[-112.065503630362002,33.6998290995299],[-112.065221801063004,33.699212724660399],[-112.064898193584995,33.698316387971403],[-112.066276339924002,33.698418192269401],[-112.068720923634004,33.698375453672597],[-112.074449069452001,33.698409068299298],[-112.079659069808997,33.698339064505198],[-112.082771837598997,33.698353630843499],[-112.083007246698998,33.698342746107201],[-112.083159099442,33.698311799308001],[-112.083059109266003,33.699653609835799],[-112.082998176085994,33.700844528039298],[-112.082890022358001,33.701794541418003],[-112.082851819067997,33.701910912054302],[-112.099995438760999,33.701896345716101],[-112.099996345822007,33.698990014419302],[-112.099976337116004,33.698290883540302],[-112.100986376612994,33.698321830339502],[-112.101680011767996,33.698401811808402],[-112.102341793061996,33.698529974242298],[-112.102860898939994,33.698660004155499],[-112.103420929292,33.698842750340397],[-112.105434552144999,33.6997890821171],[-112.106438188856998,33.700161830977798],[-112.107139987563002,33.700338174376597],[-112.107552753836998,33.700418155845597],[-112.108751835592997,33.7005818003855],[-112.109362714737003,33.700569101526497],[-112.110082708028003,33.700509982468702],[-112.112343638490998,33.700167273345897],[-112.112398168886003,33.700181839684099],[-112.114882716652005,33.699791803301203],[-112.116187284307998,33.7060936387482],[-112.116525458124002,33.707592744386403],[-112.120972726594005,33.728739065771599],[-112.121343661332006,33.7284327458161],[-112.122099990433,33.733026371304099],[-112.124979109888997,33.746661797811797],[-112.126397273641004,33.746389092483],[-112.126921821886995,33.746215470268197],[-112.127590005966994,33.745888181188498],[-112.128028169958,33.7455909318466],[-112.130328157416997,33.743643631185499],[-112.131180901804001,33.742970911798899],[-112.131889103296999,33.7425791146498],[-112.132547256345006,33.742343652193199],[-112.133008203583998,33.742226374495502],[-112.136428198390007,33.741503660021301],[-112.140877280984,33.740611805282398],[-112.143948163882001,33.7399427141412],[-112.147111833821,33.7392999811359],[-112.152882718235006,33.738078169489803],[-112.155002734050001,33.737641819621103],[-112.155461813808998,33.737576351133903],[-112.155919079444999,33.737555435366097],[-112.156334566902004,33.737569094643],[-112.160396387652995,33.738079076551102],[-112.161260923838,33.738152708590597],[-112.162111800746999,33.738099085257502],[-112.162569066383,33.738017289665798],[-112.163348178730999,33.737776384841098],[-112.166029985663997,33.736772748129297],[-112.170848188872,33.735095431612898],[-112.173426377384004,33.7341399758661],[-112.174056358173999,33.734016348738997],[-112.174579999358997,33.7340000216346],[-112.174888186794007,33.734013627554901],[-112.175521795828999,33.734128184068503],[-112.176013636510007,33.734291828608399],[-112.190379994400999,33.739437267539898],[-112.190811808963005,33.7396172925407],[-112.191515475147995,33.740002740260401],[-112.191853648963999,33.740234521114999],[-112.192029085301996,33.740391816225397],[-112.196734546119004,33.745120913994597],[-112.198031803928004,33.746390906605697],[-112.200424525071,33.748580019152897],[-112.203376369504994,33.751210016875397],[-112.209344566442994,33.7565191003468],[-112.214183632062003,33.760767295527899],[-112.215736361034004,33.762183645156597],[-112.216218170683007,33.762660012437898],[-112.217042742811998,33.763591831233001],[-112.217549096474997,33.764259108251501],[-112.218213652309004,33.765235479765998],[-112.218737293494002,33.766148196916099],[-112.220979976018,33.7702736186748],[-112.221017272246002,33.770369073543399],[-112.221029117401002,33.770535439267299],[-112.221011829877995,33.770596372447798],[-112.220949989635997,33.770623637645102],[-112.222232734463006,33.771222724992199],[-112.223057253234998,33.771535447733697],[-112.223280016833002,33.771687247119402],[-112.224654534926003,33.772302714927498],[-112.226972716969001,33.773208175586703],[-112.232377255309004,33.775447283221503],[-112.231752716887001,33.776459990546897],[-112.231388184935,33.776785465503899],[-112.230985449692994,33.777229978924701],[-112.230793632895001,33.7774872642105],[-112.230529998178994,33.778021843488297],[-112.230161837981996,33.778687253027499],[-112.230094555372006,33.778849990505996],[-112.230109975415004,33.779580014827701],[-112.230069104297996,33.780962749829598],[-112.230037250436993,33.7812217958815],[-112.229966339582006,33.781390882789502],[-112.229707293529998,33.781730924084798],[-112.229270890305003,33.782142729940297],[-112.228967291532996,33.782394519501302],[-112.228509065479003,33.782697264567901],[-112.227905442825005,33.783141831345297],[-112.227706369535994,33.783436359503099],[-112.227439106575005,33.784095472969398],[-112.227336341859001,33.784198184328801],[-112.227198201749999,33.784230891894197],[-112.227157277276007,33.784301802749603],[-112.227147246244996,33.784411823956397],[-112.227167254950999,33.784500929395399],[-112.223020917425004,33.789169093984199],[-112.221231818934996,33.790584536551499],[-112.220666346214998,33.791746375434997],[-112.219572750359006,33.796629086712699],[-112.219760885555999,33.797677276144]]]}},
{"type":"Feature","properties":{"FID":12953,"ObjectID":12687,"ZIP":"85003","PO_NAME":"Phoenix","STATE":"AZ","POP2010":9179,"POP10_SQMI":4434.3,"POP2012":9423,"POP12_SQMI":4487.1,"WHITE":5861,"BLACK":986,"AMERI_ES":246,"ASIAN":243,"HAWN_PI":21,"HISPANIC":3448,"OTHER":1499,"MULT_RACE":323,"MALES":5626,"FEMALES":3553,"AGE_UNDER5":454,"AGE_5_9":377,"AGE_10_14":300,"AGE_15_19":956,"AGE_20_24":1543,"AGE_25_34":1352,"AGE_35_44":1189,"AGE_45_54":1187,"AGE_55_64":997,"AGE_65_74":506,"AGE_75_84":234,"AGE_85_UP":81,"MED_AGE":31.9,"MED_AGE_M":29.0,"MED_AGE_F":36.5,"HOUSEHOLDS":3885,"AVE_HH_SZ":1.87,"HSEHLD_1_M":1268,"HSEHLD_1_F":841,"MARHH_CHD":299,"MARHH_NO_C":549,"MHH_CHILD":72,"FHH_CHILD":296,"FAMILIES":1391,"AVE_FAM_SZ":2.94,"HSE_UNITS":4684,"VACANT":799,"OWNER_OCC":1263,"RENTER_OCC":2622,"SQMI":2.1},"geometry":{"type":"Polygon","coordinates":[[[-112.083018184791996,33.480340900437703],[-112.078920935292004,33.480288184166],[-112.073866362565994,33.480265454275496],[-112.073877247301994,33.478070899360297],[-112.073920892960004,33.476692753021702],[-112.073899977191999,33.474518206812697],[-112.073935459297999,33.473369066788202],[-112.073879114780993,33.4717700243312],[-112.073942715789002,33.4660463604637],[-112.073903658793995,33.464959114037498],[-112.073908194100994,33.463181807345897],[-112.073915450591997,33.462203621708603],[-112.073949065218997,33.461399111642599],[-112.073898163069998,33.460397289053603],[-112.073917264715007,33.459920921772202],[-112.073753620174998,33.460006345609301],[-112.073781792432996,33.458608190564298],[-112.073965445680003,33.458594531287403],[-112.073923614143993,33.457303622908597],[-112.073957282128006,33.452379080095497],[-112.073950025637004,33.452230001893803],[-112.073795451709998,33.452032742727198],[-112.073841818553007,33.4513936379673],[-112.073810018049002,33.451129096190797],[-112.073879114780993,33.450007274720001],[-112.073795451709998,33.448182747481297],[-112.073812739233006,33.445514546468701],[-112.073849982105003,33.445431843815697],[-112.073828159276005,33.442850934119399],[-112.073776350065003,33.442768178109802],[-112.073795451709998,33.442195448898502],[-112.073787288158002,33.440172702075401],[-112.073746363683995,33.439248193127703],[-112.073799079956004,33.439160901811398],[-112.073771814758999,33.438099106459703],[-112.073778164187999,33.436140921062403],[-112.073736386009003,33.4297672676988],[-112.073739107193006,33.429572729716199],[-112.073798172894001,33.429352740659198],[-112.073807296864999,33.428169078946603],[-112.073792730525994,33.427103655349498],[-112.073763651205994,33.426590898900699],[-112.073674545767005,33.426069978899797],[-112.073479100723006,33.425185434008398],[-112.073393623529995,33.4245663379549],[-112.073365451271002,33.421805456614301],[-112.074171828816006,33.422069091329497],[-112.074855432939003,33.422193625517998],[-112.076823649367995,33.422018189180498],[-112.078910904260994,33.420996357885102],[-112.080307298538997,33.419795462006697],[-112.080699095688999,33.419508190339698],[-112.081111808605002,33.419308156632503],[-112.082240886567007,33.418931832882997],[-112.08238638988,33.422140002184904],[-112.082438199090006,33.427890024188301],[-112.082382708278004,33.427969098595902],[-112.082378172971005,33.429359090088703],[-112.082402716984006,33.430285466515599],[-112.082413655077005,33.430372704475403],[-112.082461836042,33.430440894146699],[-112.082491822422995,33.432666342504596],[-112.082490915362001,33.432954521233],[-112.082436384966996,33.433033648997103],[-112.082438199090006,33.434120895423298],[-112.082445455580995,33.435029077266499],[-112.082450897949002,33.435095452815197],[-112.082502707158994,33.435176341345503],[-112.082515459375003,33.4368354632782],[-112.082442734397006,33.436919980053901],[-112.082470906655999,33.437033629506097],[-112.082436384966996,33.437641840823403],[-112.082305447992994,33.4381108982573],[-112.082449990887994,33.4399027179307],[-112.082281811041,33.440118171680901],[-112.082307262116004,33.440950907362001],[-112.082452712071998,33.441111830717801],[-112.082447269704005,33.4414490974725],[-112.082372730602998,33.441507256112303],[-112.082326363760998,33.441619998503199],[-112.082333620251006,33.442692731947702],[-112.082309076238005,33.443585440391303],[-112.082326363760998,33.443658165369399],[-112.082420004506005,33.4436727317077],[-112.082443641457999,33.446642717369002],[-112.082460928981007,33.446975448816801],[-112.082533653959004,33.4471118281595],[-112.082555476788002,33.448223618598803],[-112.082560919155995,33.4509263412995],[-112.082512738190999,33.451030013076803],[-112.082496357729994,33.452284532288303],[-112.082500893036993,33.452332713253199],[-112.082560012095001,33.452419097508198],[-112.082592719659999,33.456951843172199],[-112.082574525075998,33.459145437669598],[-112.082500893036993,33.459251830630997],[-112.082530025712998,33.459691808745099],[-112.082589998475996,33.463756350679901],[-112.082571803891994,33.464908158531998],[-112.082633644134006,33.465097254146301],[-112.083018184791996,33.480340900437703]]]}},
{"type":"Feature","properties":{"FID":12955,"ObjectID":12688,"ZIP":"85004","PO_NAME":"Phoenix","STATE":"AZ","POP2010":5163,"POP10_SQMI":2543.3,"POP2012":5224,"POP12_SQMI":2612.0,"WHITE":3262,"BLACK":494,"AMERI_ES":199,"ASIAN":113,"HAWN_PI":8,"HISPANIC":1851,"OTHER":892,"MULT_RACE":195,"MALES":2865,"FEMALES":2298,"AGE_UNDER5":202,"AGE_5_9":178,"AGE_10_14":167,"AGE_15_19":775,"AGE_20_24":591,"AGE_25_34":921,"AGE_35_44":608,"AGE_45_54":656,"AGE_55_64":572,"AGE_65_74":271,"AGE_75_84":162,"AGE_85_UP":59,"MED_AGE":31.9,"MED_AGE_M":33.5,"MED_AGE_F":29.3,"HOUSEHOLDS":2288,"AVE_HH_SZ":1.77,"HSEHLD_1_M":797,"HSEHLD_1_F":530,"MARHH_CHD":125,"MARHH_NO_C":226,"MHH_CHILD":56,"FHH_CHILD":112,"FAMILIES":633,"AVE_FAM_SZ":3.13,"HSE_UNITS":3088,"VACANT":800,"OWNER_OCC":654,"RENTER_OCC":1634,"SQMI":2.0},"geometry":{"type":"Polygon","coordinates":[[[-112.073866362565994,33.480265454275496],[-112.070112729249999,33.4802327467102],[-112.065081793475002,33.480201799911001],[-112.065116368519995,33.468233658888103],[-112.065088196261001,33.467007258578697],[-112.065026356019004,33.466913617832901],[-112.065002719068005,33.466561838096503],[-112.065001812006003,33.464895459673002],[-112.065008161435998,33.464689983597601],[-112.065176341281997,33.464688169474897],[-112.065219986941003,33.4638127485536],[-112.065296340163997,33.459960885828401],[-112.065112740274003,33.4599572575829],[-112.065131841918998,33.458851816573102],[-112.065219079879,33.458731817691401],[-112.065215451634003,33.454576356194799],[-112.065151797268996,33.452917287618703],[-112.06513909841,33.451425438471297],[-112.065101802181999,33.449638207461298],[-112.065175434221004,33.449530000377202],[-112.065180929945996,33.449372705266804],[-112.065104523366003,33.4493699840828],[-112.065030891326003,33.449289095552501],[-112.064995462577002,33.448227246844297],[-112.065180022883993,33.448226339782899],[-112.065170898914005,33.4471008900667],[-112.065126346195001,33.445894551820203],[-112.064998183761006,33.445683633376703],[-112.065049085910005,33.444997254713201],[-112.065177248344,33.444240925612199],[-112.065184558191007,33.443984547387799],[-112.065269982027999,33.443656351246702],[-112.065297247225004,33.443426384514801],[-112.065319070054997,33.443002733505097],[-112.065307278256995,33.442700895499897],[-112.065456356458995,33.4424281901711],[-112.065353645098995,33.440930898655601],[-112.065253654924007,33.439949084772898],[-112.065227296787995,33.439309072951701],[-112.065200885295994,33.433163625553703],[-112.065269982027999,33.430452739300897],[-112.065273610274005,33.428850015241899],[-112.065210009265996,33.426993634142697],[-112.065132748981,33.426885480415201],[-112.065118182643005,33.425803623000597],[-112.064993648454006,33.424172726682997],[-112.06487909194,33.421030932929703],[-112.067427294070995,33.421085463324097],[-112.068495438853006,33.421185453499497],[-112.070566366641003,33.421436389355698],[-112.073269996402999,33.421789983214701],[-112.073322712673999,33.421838164179697],[-112.073365451271002,33.421805456614301],[-112.073393623529995,33.4245663379549],[-112.073479100723006,33.425185434008398],[-112.073674545767005,33.426069978899797],[-112.073763651205994,33.426590898900699],[-112.073792730525994,33.427103655349498],[-112.073807296864999,33.428169078946603],[-112.073798172894001,33.429352740659198],[-112.073739107193006,33.429572729716199],[-112.073736386009003,33.4297672676988],[-112.073778164187999,33.436140921062403],[-112.073771814758999,33.438099106459703],[-112.073799079956004,33.439160901811398],[-112.073746363683995,33.439248193127703],[-112.073787288158002,33.440172702075401],[-112.073795451709998,33.442195448898502],[-112.073776350065003,33.442768178109802],[-112.073828159276005,33.442850934119399],[-112.073849982105003,33.445431843815697],[-112.073812739233006,33.445514546468701],[-112.073795451709998,33.448182747481297],[-112.073879114780993,33.450007274720001],[-112.073810018049002,33.451129096190797],[-112.073841818553007,33.4513936379673],[-112.073795451709998,33.452032742727198],[-112.073950025637004,33.452230001893803],[-112.073957282128006,33.452379080095497],[-112.073923614143993,33.457303622908597],[-112.073965445680003,33.458594531287403],[-112.073781792432996,33.458608190564298],[-112.073753620174998,33.460006345609301],[-112.073917264715007,33.459920921772202],[-112.073898163069998,33.460397289053603],[-112.073949065218997,33.461399111642599],[-112.073915450591997,33.462203621708603],[-112.073908194100994,33.463181807345897],[-112.073903658793995,33.464959114037498],[-112.073942715789002,33.4660463604637],[-112.073879114780993,33.4717700243312],[-112.073935459297999,33.473369066788202],[-112.073899977191999,33.474518206812697],[-112.073920892960004,33.476692753021702],[-112.073877247301994,33.478070899360297],[-112.073866362565994,33.480265454275496]]]}},
{"type":"Feature","properties":{"FID":12961,"ObjectID":12689,"ZIP":"85006","PO_NAME":"Phoenix","STATE":"AZ","POP2010":24888,"POP10_SQMI":6206.5,"POP2012":27330,"POP12_SQMI":6832.5,"WHITE":12988,"BLACK":1281,"AMERI_ES":729,"ASIAN":186,"HAWN_PI":34,"HISPANIC":17701,"OTHER":8698,"MULT_RACE":971,"MALES":12896,"FEMALES":11992,"AGE_UNDER5":2457,"AGE_5_9":2272,"AGE_10_14":2016,"AGE_15_19":2091,"AGE_20_24":1756,"AGE_25_34":4023,"AGE_35_44":3585,"AGE_45_54":3064,"AGE_55_64":2061,"AGE_65_74":895,"AGE_75_84":501,"AGE_85_UP":166,"MED_AGE":29.5,"MED_AGE_M":29.6,"MED_AGE_F":29.5,"HOUSEHOLDS":8178,"AVE_HH_SZ":2.96,"HSEHLD_1_M":1372,"HSEHLD_1_F":1067,"MARHH_CHD":1645,"MARHH_NO_C":911,"MHH_CHILD":472,"FHH_CHILD":1157,"FAMILIES":4853,"AVE_FAM_SZ":3.83,"HSE_UNITS":9759,"VACANT":1581,"OWNER_OCC":3211,"RENTER_OCC":4967,"SQMI":4.0},"geometry":{"type":"Polygon","coordinates":[[[-112.030188156896003,33.480297254779501],[-112.030232709616001,33.471217250469699],[-112.030266377599006,33.469401793844597],[-112.030226360186006,33.465882715923797],[-112.030232709616001,33.4635018399348],[-112.030156356391998,33.463383655175797],[-112.030153635207995,33.4633209078726],[-112.030158170514994,33.461435447453397],[-112.030137254747004,33.460710011795101],[-112.030143657533003,33.460646357430498],[-112.030229988431998,33.460517287935303],[-112.030150914024006,33.451347271125101],[-112.038970004803005,33.451432748318702],[-112.047119097378996,33.4514336553801],[-112.052634563986999,33.451386381476503],[-112.052714545455999,33.451422717287301],[-112.055334565503998,33.451391823844602],[-112.056683632521995,33.4513981732741],[-112.056806352587998,33.4513591162792],[-112.063885432904002,33.451354527615898],[-112.063977259526993,33.451313656498399],[-112.064230916566999,33.451312749437001],[-112.064333627926004,33.451313656498399],[-112.064564555076004,33.4513981732741],[-112.06513909841,33.451425438471297],[-112.065151797268996,33.452917287618703],[-112.065215451634003,33.454576356194799],[-112.065219079879,33.458731817691401],[-112.065131841918998,33.458851816573102],[-112.065112740274003,33.4599572575829],[-112.065296340163997,33.459960885828401],[-112.065219986941003,33.4638127485536],[-112.065176341281997,33.464688169474897],[-112.065008161435998,33.464689983597601],[-112.065001812006003,33.464895459673002],[-112.065002719068005,33.466561838096503],[-112.065026356019004,33.466913617832901],[-112.065088196261001,33.467007258578697],[-112.065116368519995,33.468233658888103],[-112.065081793475002,33.480201799911001],[-112.056868192829995,33.480203614033698],[-112.047646366809005,33.480208202697],[-112.041578179696003,33.480253662477899],[-112.041470933029998,33.480213645065099],[-112.036330883109997,33.480254569539298],[-112.035528187167003,33.480108159165098],[-112.034559979204005,33.480275431950403],[-112.030188156896003,33.480297254779501]]]}},
{"type":"Feature","properties":{"FID":12962,"ObjectID":12690,"ZIP":"85007","PO_NAME":"Phoenix","STATE":"AZ","POP2010":14211,"POP10_SQMI":3102.8,"POP2012":14044,"POP12_SQMI":3053.0,"WHITE":7533,"BLACK":1795,"AMERI_ES":465,"ASIAN":195,"HAWN_PI":16,"HISPANIC":7588,"OTHER":3663,"MULT_RACE":544,"MALES":7621,"FEMALES":6590,"AGE_UNDER5":1251,"AGE_5_9":1068,"AGE_10_14":991,"AGE_15_19":965,"AGE_20_24":988,"AGE_25_34":2060,"AGE_35_44":2083,"AGE_45_54":2148,"AGE_55_64":1507,"AGE_65_74":677,"AGE_75_84":353,"AGE_85_UP":118,"MED_AGE":33.9,"MED_AGE_M":35.5,"MED_AGE_F":32.1,"HOUSEHOLDS":4773,"AVE_HH_SZ":2.68,"HSEHLD_1_M":886,"HSEHLD_1_F":639,"MARHH_CHD":771,"MARHH_NO_C":651,"MHH_CHILD":242,"FHH_CHILD":678,"FAMILIES":2679,"AVE_FAM_SZ":3.53,"HSE_UNITS":5902,"VACANT":1129,"OWNER_OCC":1945,"RENTER_OCC":2828,"SQMI":4.6},"geometry":{"type":"Polygon","coordinates":[[[-112.099980018718,33.480600906907497],[-112.097860002903005,33.480532717236102],[-112.094988193294,33.480487257455302],[-112.091377288749996,33.480473651534901],[-112.087000024074001,33.480397298311402],[-112.083018184791996,33.480340900437703],[-112.082633644134006,33.465097254146301],[-112.082571803891994,33.464908158531998],[-112.082589998475996,33.463756350679901],[-112.082530025712998,33.459691808745099],[-112.082500893036993,33.459251830630997],[-112.082574525075998,33.459145437669598],[-112.082592719659999,33.456951843172199],[-112.082560012095001,33.452419097508198],[-112.082500893036993,33.452332713253199],[-112.082496357729994,33.452284532288303],[-112.082512738190999,33.451030013076803],[-112.082560919155995,33.4509263412995],[-112.082555476788002,33.448223618598803],[-112.082533653959004,33.4471118281595],[-112.082460928981007,33.446975448816801],[-112.082443641457999,33.446642717369002],[-112.082420004506005,33.4436727317077],[-112.082326363760998,33.443658165369399],[-112.082309076238005,33.443585440391303],[-112.082333620251006,33.442692731947702],[-112.082326363760998,33.441619998503199],[-112.082372730602998,33.441507256112303],[-112.082447269704005,33.4414490974725],[-112.082452712071998,33.441111830717801],[-112.082307262116004,33.440950907362001],[-112.082281811041,33.440118171680901],[-112.082449990887994,33.4399027179307],[-112.082305447992994,33.4381108982573],[-112.082436384966996,33.437641840823403],[-112.082470906655999,33.437033629506097],[-112.082442734397006,33.436919980053901],[-112.082515459375003,33.4368354632782],[-112.082502707158994,33.435176341345503],[-112.082450897949002,33.435095452815197],[-112.082445455580995,33.435029077266499],[-112.082438199090006,33.434120895423298],[-112.082436384966996,33.433033648997103],[-112.082490915362001,33.432954521233],[-112.082491822422995,33.432666342504596],[-112.082461836042,33.430440894146699],[-112.082413655077005,33.430372704475403],[-112.082402716984006,33.430285466515599],[-112.082378172971005,33.429359090088703],[-112.082382708278004,33.427969098595902],[-112.082438199090006,33.427890024188301],[-112.08238638988,33.422140002184904],[-112.082240886567007,33.418931832882997],[-112.082333620251006,33.418869992641099],[-112.082738169615993,33.4187036269172],[-112.08451729043,33.417860006499801],[-112.086050917757007,33.417022735511999],[-112.087861839075003,33.415951816190201],[-112.090586384605004,33.414586368710602],[-112.090759099758003,33.414409064893903],[-112.091657250569995,33.413611811318702],[-112.092186387479998,33.413089077195103],[-112.092949066009993,33.412562714826102],[-112.093423619169002,33.412345446953097],[-112.094200010332997,33.411875429101201],[-112.094483653753997,33.411812735154498],[-112.094686355288999,33.411693643334203],[-112.095229098119006,33.411532719978403],[-112.095409976824996,33.4114399862939],[-112.095536378492994,33.411410906973998],[-112.096231827769998,33.411355469518199],[-112.097132753121997,33.411169095087899],[-112.097815450184001,33.411140922829297],[-112.098102721851006,33.411160024474299],[-112.098407281039997,33.411229974911798],[-112.098588159745006,33.411206337960003],[-112.098872710227994,33.411208205439202],[-112.099070929812996,33.411172723333301],[-112.099520885602004,33.411172723333301],[-112.099829073037,33.426799096160202],[-112.099858205713005,33.427580022630899],[-112.099934558936994,33.427693618726501],[-112.099949071918005,33.428073624078003],[-112.09995275352,33.430482725682197],[-112.099892727400999,33.430581808796198],[-112.099987275207994,33.435547276083398],[-112.100086358322002,33.445529112806902],[-112.100106367028999,33.449210928206199],[-112.100041805602999,33.453918203146401],[-112.100117251764999,33.455129076699698],[-112.100083637137999,33.455883645034497],[-112.100087265384005,33.458599066594203],[-112.100023611018997,33.4603890721448],[-112.100023611018997,33.460575446575099],[-112.100085451260995,33.4606854677819],[-112.100060000186005,33.462528189604299],[-112.099992717576001,33.462620016227397],[-112.099996345822007,33.464000883750103],[-112.099940001305001,33.465978170792397],[-112.099949978980007,33.467768176343],[-112.099973615931006,33.4684408957296],[-112.099960010011003,33.471400903716003],[-112.099990903454,33.476535457911297],[-112.099980018718,33.480600906907497]]]}},
{"type":"Feature","properties":{"FID":12964,"ObjectID":12691,"ZIP":"85008","PO_NAME":"Phoenix","STATE":"AZ","POP2010":55783,"POP10_SQMI":5657.5,"POP2012":56692,"POP12_SQMI":5726.5,"WHITE":29947,"BLACK":5352,"AMERI_ES":2267,"ASIAN":818,"HAWN_PI":140,"HISPANIC":33738,"OTHER":14977,"MULT_RACE":2281,"MALES":28919,"FEMALES":26864,"AGE_UNDER5":5696,"AGE_5_9":4796,"AGE_10_14":4188,"AGE_15_19":4490,"AGE_20_24":5644,"AGE_25_34":10270,"AGE_35_44":7702,"AGE_45_54":6133,"AGE_55_64":3758,"AGE_65_74":1753,"AGE_75_84":994,"AGE_85_UP":359,"MED_AGE":27.7,"MED_AGE_M":28.1,"MED_AGE_F":27.4,"HOUSEHOLDS":19500,"AVE_HH_SZ":2.81,"HSEHLD_1_M":3584,"HSEHLD_1_F":2607,"MARHH_CHD":3894,"MARHH_NO_C":2165,"MHH_CHILD":1115,"FHH_CHILD":2503,"FAMILIES":11037,"AVE_FAM_SZ":3.73,"HSE_UNITS":23171,"VACANT":3671,"OWNER_OCC":6276,"RENTER_OCC":13224,"SQMI":9.9},"geometry":{"type":"Polygon","coordinates":[[[-112.012917281830994,33.480482722148501],[-111.993279990402996,33.480407275986302],[-111.987075477304003,33.480259104845999],[-111.985113610303998,33.4801827516225],[-111.985140928858002,33.480208202697],[-111.984915444075995,33.4802272509855],[-111.984715463726005,33.4801772558978],[-111.983236366794003,33.480190915174703],[-111.981990918196004,33.4801572471914],[-111.981940923107999,33.480109973287803],[-111.981592718260998,33.480133610239598],[-111.975112725292007,33.480069102170297],[-111.960955471722002,33.480016385898502],[-111.960983643980995,33.478209092825601],[-111.961005466809993,33.4727581876434],[-111.953593655047001,33.472836354989703],[-111.953139110593995,33.472817253344601],[-111.952254565703001,33.472847293082502],[-111.947659072736002,33.472909079967799],[-111.943619074813995,33.472925460428698],[-111.943610911261999,33.471737263409302],[-111.943486377073,33.471748201502102],[-111.943488191195996,33.471561827071802],[-111.943611818323006,33.471542725426801],[-111.943597251984997,33.467988165400001],[-111.943517270515997,33.467347246517399],[-111.943511828148004,33.4670099797628],[-111.943540000406003,33.466669991823998],[-111.943699109638999,33.465962750749298],[-111.943624570539001,33.465951812656499],[-111.943651835736006,33.465812712129797],[-111.942626376194994,33.465689992064],[-111.941633624218994,33.465599979563599],[-111.940339087595007,33.465525440462798],[-111.939513661760998,33.4655100204197],[-111.939429091628995,33.464366376119898],[-111.939286362857004,33.464014543026998],[-111.940031807221999,33.463330885547499],[-111.940315450642998,33.463021844407997],[-111.941257247113001,33.461506358308803],[-111.941346352552003,33.461279112760899],[-111.941394533516998,33.4610518138565],[-111.941669106324994,33.459141809424203],[-111.941682712246006,33.458902718722101],[-111.941629088913004,33.456778167600902],[-111.941686340491003,33.456491802995302],[-111.941759065469,33.456375432359003],[-111.941878157290006,33.4562527122932],[-111.942521797355994,33.4558609151441],[-111.942631818563001,33.455720000494701],[-111.942702729418002,33.455552727709403],[-111.942838201699999,33.455496383192198],[-111.943073610799999,33.454876380077302],[-111.942715428276998,33.453990021063198],[-111.942039080645003,33.453216351083299],[-111.941832750865004,33.452801824043803],[-111.941715473168003,33.452615449613397],[-111.941588164438002,33.452468185534499],[-111.941709977442997,33.451978158976203],[-111.941739110119002,33.451747285182897],[-111.941494523692995,33.451526389064597],[-111.941222725425007,33.451183626585198],[-111.941078182530006,33.451100923932202],[-111.939956361059998,33.450693653383503],[-111.939712735051003,33.450280887110097],[-111.939662739962998,33.4501536317375],[-111.939648173625002,33.4499881730749],[-111.939697261651006,33.449834559566497],[-111.939813632286999,33.449629990552602],[-111.940128169152004,33.4491790743457],[-111.940668190797993,33.448246348489299],[-111.941045474964994,33.447505439431303],[-111.941249083561004,33.447525448137696],[-111.941478196587994,33.447472731866],[-111.942066345843003,33.447027258027198],[-111.942231804504999,33.446990015155102],[-111.942442722948996,33.446901816777398],[-111.944287258893993,33.4467145352857],[-111.948255438898997,33.446429984802798],[-111.949987285809001,33.446238168004299],[-111.950252734646995,33.446560921777298],[-111.950356353068003,33.446603660374102],[-111.952416342763001,33.449193640683902],[-111.952679070417005,33.449443616122302],[-111.953158158882999,33.449819993228303],[-111.953618199060003,33.450097287220402],[-111.953961815244,33.450256343096903],[-111.955277267636006,33.450729082132902],[-111.955901806057994,33.4508818419365],[-111.956462743470993,33.450958195159998],[-111.957187272067998,33.450989088602697],[-111.960981829858,33.451019074984004],[-111.962185446920998,33.451013632615798],[-111.963280003194001,33.451019074984004],[-111.965902744426003,33.450935465269602],[-111.966793638747006,33.450933651146897],[-111.966884558309005,33.450975429325801],[-111.968843650766999,33.451022703229398],[-111.97078273452,33.451004562002304],[-111.970864530111001,33.450997252154899],[-111.970954542612006,33.450957288098699],[-111.973500930620006,33.450975429325801],[-111.975729100161999,33.4510727516736],[-111.976979991128005,33.451094521146103],[-111.997840908325003,33.4512727320243],[-112.030150914024006,33.451347271125101],[-112.030229988431998,33.460517287935303],[-112.030143657533003,33.460646357430498],[-112.030137254747004,33.460710011795101],[-112.030158170514994,33.461435447453397],[-112.030153635207995,33.4633209078726],[-112.030156356391998,33.463383655175797],[-112.030232709616001,33.4635018399348],[-112.030226360186006,33.465882715923797],[-112.030266377599006,33.469401793844597],[-112.030232709616001,33.471217250469699],[-112.030188156896003,33.480297254779501],[-112.020475450613006,33.480402740679502],[-112.012917281830994,33.480482722148501]]]}},
{"type":"Feature","properties":{"FID":12967,"ObjectID":12692,"ZIP":"85009","PO_NAME":"Phoenix","STATE":"AZ","POP2010":51660,"POP10_SQMI":3666.4,"POP2012":53302,"POP12_SQMI":3780.3,"WHITE":24242,"BLACK":2482,"AMERI_ES":1358,"ASIAN":250,"HAWN_PI":39,"HISPANIC":41887,"OTHER":21453,"MULT_RACE":1836,"MALES":28377,"FEMALES":23283,"AGE_UNDER5":5138,"AGE_5_9":4811,"AGE_10_14":4245,"AGE_15_19":5378,"AGE_20_24":5833,"AGE_25_34":8318,"AGE_35_44":6529,"AGE_45_54":5333,"AGE_55_64":3204,"AGE_65_74":1635,"AGE_75_84":950,"AGE_85_UP":289,"MED_AGE":25.5,"MED_AGE_M":25.2,"MED_AGE_F":26.0,"HOUSEHOLDS":11896,"AVE_HH_SZ":3.75,"HSEHLD_1_M":1194,"HSEHLD_1_F":957,"MARHH_CHD":3742,"MARHH_NO_C":1462,"MHH_CHILD":862,"FHH_CHILD":2001,"FAMILIES":9069,"AVE_FAM_SZ":4.25,"HSE_UNITS":14077,"VACANT":2181,"OWNER_OCC":5826,"RENTER_OCC":6070,"SQMI":14.1},"geometry":{"type":"Polygon","coordinates":[[[-112.113214524105999,33.480645459626999],[-112.112607273207004,33.480666375394698],[-112.112606366145002,33.4805191113158],[-112.111650003337004,33.4805336242975],[-112.111553641406999,33.480539973726998],[-112.111461814783993,33.480587247630602],[-112.107788162936998,33.4806790742537],[-112.104389083897999,33.480641831381597],[-112.104298164336001,33.480601813968804],[-112.103908181310004,33.480596371600697],[-112.103809098195995,33.480637296074804],[-112.099980018718,33.480600906907497],[-112.099990903454,33.476535457911297],[-112.099960010011003,33.471400903716003],[-112.099973615931006,33.4684408957296],[-112.099949978980007,33.467768176343],[-112.099940001305001,33.465978170792397],[-112.099996345822007,33.464000883750103],[-112.099992717576001,33.462620016227397],[-112.100060000186005,33.462528189604299],[-112.100085451260995,33.4606854677819],[-112.100023611018997,33.460575446575099],[-112.100023611018997,33.4603890721448],[-112.100087265384005,33.458599066594203],[-112.100083637137999,33.455883645034497],[-112.100117251764999,33.455129076699698],[-112.100041805602999,33.453918203146401],[-112.100106367028999,33.449210928206199],[-112.100086358322002,33.445529112806902],[-112.099987275207994,33.435547276083398],[-112.099892727400999,33.430581808796198],[-112.09995275352,33.430482725682197],[-112.099949071918005,33.428073624078003],[-112.099934558936994,33.427693618726501],[-112.099858205713005,33.427580022630899],[-112.099829073037,33.426799096160202],[-112.099520885602004,33.411172723333301],[-112.099660893190006,33.411144551074699],[-112.099889099156002,33.4112390988819],[-112.100371815867007,33.4112591075883],[-112.101073614572996,33.411130891797796],[-112.101433611217999,33.410987255964301],[-112.101606379727997,33.410945477785397],[-112.103005441834995,33.4109682076759],[-112.103260912997996,33.411008171732099],[-112.103389982492999,33.4110636625444],[-112.103799067164005,33.411392712390303],[-112.104030901374998,33.411497291228997],[-112.104860915871996,33.411682705241397],[-112.105522750522994,33.411882738948599],[-112.105869994952002,33.411882738948599],[-112.106054555260002,33.411833650922297],[-112.106254535611001,33.411731793267698],[-112.106734531136993,33.4114190705262],[-112.107117257672996,33.411232749452402],[-112.107438197323006,33.4111391087066],[-112.107779999385002,33.410960897828502],[-112.110097274365998,33.410508167498897],[-112.110898156185996,33.410440884888899],[-112.118623651109004,33.4105663794953],[-112.124992715809995,33.410634569166596],[-112.125397265174001,33.410668183793298],[-112.128128160133002,33.4106718120387],[-112.133161817092002,33.410515477346301],[-112.133888159812003,33.4108827304822],[-112.133980893496002,33.412415450747098],[-112.133920013671997,33.412508184431601],[-112.133934526654002,33.413016352216999],[-112.134076348364999,33.414340928579101],[-112.134344571743,33.416322750928103],[-112.134418203783,33.417362723450701],[-112.134438159132998,33.418403656391199],[-112.134643635207993,33.418389090052997],[-112.134894571063995,33.418315458013502],[-112.135322704024006,33.418260020557703],[-112.135669094749005,33.418123641215097],[-112.136019113719001,33.418050916236901],[-112.136397251591006,33.417908187464803],[-112.136800893895,33.417832741302597],[-112.137212753106994,33.41762907935],[-112.137642753546004,33.4175036381002],[-112.137938188765006,33.417359095205299],[-112.140432714206,33.416290897067597],[-112.141157296160003,33.416027262352401],[-112.141587296598999,33.415929993361097],[-112.142976381029996,33.4157163537336],[-112.142838187565005,33.414967281123403],[-112.144119064912005,33.414900905574797],[-112.144524521337999,33.414850910487203],[-112.144611812655,33.414820924105904],[-112.144803629452994,33.4148127071971],[-112.144887292524004,33.414783627877199],[-112.145077295199997,33.414589996956003],[-112.145396367371006,33.414488192657998],[-112.145410026647994,33.414431794784299],[-112.145379079847999,33.414370007899002],[-112.145239072259997,33.414239977985801],[-112.145091808180993,33.414048161187402],[-112.145067264168006,33.413969086779801],[-112.145080923444993,33.413797278687703],[-112.145129104410003,33.413742748293302],[-112.145120887500994,33.413692753205602],[-112.144969088116,33.413559095046999],[-112.144929070703,33.413500883050602],[-112.144937287611995,33.413455476626297],[-112.145120887500994,33.413378162984799],[-112.145206364694999,33.413272730441399],[-112.145265430395995,33.413246372305501],[-112.145700019499003,33.4131263734238],[-112.146148161165002,33.413094519563202],[-112.146219979082005,33.413025476187102],[-112.146244523095007,33.412948162545703],[-112.146221793204006,33.412737297458698],[-112.146121803029004,33.412515440922398],[-112.151620889176002,33.412566343071497],[-112.151557288167993,33.412675457216899],[-112.151520899001,33.412808208314097],[-112.151739980996993,33.415171796780903],[-112.151771834857001,33.415972731957901],[-112.151895461983997,33.424718190697099],[-112.151870010910002,33.431310926056497],[-112.151890926676998,33.433085458207501],[-112.151866382663997,33.439595437557301],[-112.151829993497003,33.4429899812896],[-112.151846373957994,33.4436182013132],[-112.151905439659004,33.443756341422102],[-112.151892740799994,33.444569975458101],[-112.151836342926003,33.444675461358102],[-112.151798192992999,33.446685455965799],[-112.151761803826005,33.4513591162792],[-112.151859979877997,33.459718166880897],[-112.151926355426994,33.459812714688098],[-112.151953620623999,33.460140910829203],[-112.152119079287004,33.460199069469098],[-112.151963651656004,33.460346386904497],[-112.151995452159994,33.461340899646203],[-112.151940921765004,33.463089073661401],[-112.151959116349005,33.463630909430002],[-112.151944550010995,33.464178187566802],[-112.151920005996999,33.464279084803501],[-112.151853630448997,33.4643745396721],[-112.151800914177002,33.465949998533802],[-112.151693614153999,33.478951816006301],[-112.151658185404997,33.480461806380703],[-112.144893641953004,33.4804536428286],[-112.144773643072,33.480340900437703],[-112.143306337938,33.4803481569285],[-112.143169104890006,33.4804536428286],[-112.137636350760005,33.4804236564473],[-112.134361805908995,33.480472744473602],[-112.132670883472002,33.480484536271199],[-112.132680007443,33.479666366928399],[-112.130034536319997,33.479666366928399],[-112.130033629259003,33.4804836292098],[-112.129158208337998,33.480472744473602],[-112.127559112523997,33.480409090108999],[-112.120371825123996,33.480406368925003],[-112.120305449575994,33.480374568420899],[-112.119790932360999,33.480371793880302],[-112.119243654223993,33.4803836390345],[-112.119189070472999,33.480409997170398],[-112.116149081017994,33.480439983551697],[-112.114954534568994,33.480497288486703],[-112.114790890028999,33.480568199342102],[-112.113214524105999,33.480645459626999]]]}},
{"type":"Feature","properties":{"FID":12969,"ObjectID":12693,"ZIP":"85031","PO_NAME":"Phoenix","STATE":"AZ","POP2010":29833,"POP10_SQMI":7439.7,"POP2012":29903,"POP12_SQMI":7475.8,"WHITE":14257,"BLACK":1498,"AMERI_ES":538,"ASIAN":255,"HAWN_PI":39,"HISPANIC":23867,"OTHER":12132,"MULT_RACE":1113,"MALES":14926,"FEMALES":14907,"AGE_UNDER5":3211,"AGE_5_9":3102,"AGE_10_14":3056,"AGE_15_19":3031,"AGE_20_24":2511,"AGE_25_34":4141,"AGE_35_44":3866,"AGE_45_54":3178,"AGE_55_64":1876,"AGE_65_74":1095,"AGE_75_84":606,"AGE_85_UP":163,"MED_AGE":25.0,"MED_AGE_M":24.7,"MED_AGE_F":25.4,"HOUSEHOLDS":7444,"AVE_HH_SZ":4.0,"HSEHLD_1_M":594,"HSEHLD_1_F":556,"MARHH_CHD":2509,"MARHH_NO_C":998,"MHH_CHILD":593,"FHH_CHILD":1207,"FAMILIES":5930,"AVE_FAM_SZ":4.4,"HSE_UNITS":8522,"VACANT":1078,"OWNER_OCC":4149,"RENTER_OCC":3295,"SQMI":4.0},"geometry":{"type":"Polygon","coordinates":[[[-112.186314545404997,33.509613637865101],[-112.185130883691997,33.509621801417303],[-112.185014566411994,33.509567271022803],[-112.170073611831,33.509471816154303],[-112.169958201612999,33.509416378698504],[-112.167645461937994,33.509399091176199],[-112.167503640226997,33.509401812360302],[-112.167387269591003,33.5094581568774],[-112.153332727380999,33.509431798741602],[-112.153213635559993,33.5094891036766],[-112.151664534833998,33.509508205321602],[-112.151684543540995,33.508350901744897],[-112.151610004440002,33.508246376262697],[-112.151586367487994,33.506593657116099],[-112.151672751743007,33.494932743110098],[-112.151658185404997,33.480461806380703],[-112.153758192512996,33.480462713442101],[-112.153866346241003,33.480507266161602],[-112.154529087952,33.480505452038898],[-112.15464001622,33.480457271074002],[-112.158219066903996,33.480459085196699],[-112.158222748506006,33.480346342805802],[-112.160252751819996,33.4803481569285],[-112.160251844757994,33.480492753179902],[-112.17165638054,33.480462713442101],[-112.177630019846006,33.4805036379162],[-112.186391805688999,33.4805191113158],[-112.186410907333993,33.482690882984102],[-112.186227254087996,33.482696378708802],[-112.186233656873995,33.485231828624102],[-112.186416349702995,33.485220890531302],[-112.186411814395996,33.487791822552602],[-112.186459088299003,33.496052750458198],[-112.186212741106999,33.496068170501303],[-112.186268178562003,33.4964172824101],[-112.186210019922001,33.497193620217502],[-112.186229068211006,33.498672717149297],[-112.186186382971002,33.501425434937602],[-112.186414535579999,33.501423620814897],[-112.186396340995998,33.503800921915101],[-112.186269992684998,33.503812713712698],[-112.186176351938997,33.503793612067703],[-112.186173630754993,33.504495464130798],[-112.186215462291003,33.5059000219618],[-112.186370889922003,33.505900929023099],[-112.186356376939997,33.5079782062408],[-112.186314545404997,33.509613637865101]]]}},
{"type":"Feature","properties":{"FID":12976,"ObjectID":12694,"ZIP":"85033","PO_NAME":"Phoenix","STATE":"AZ","POP2010":51183,"POP10_SQMI":8631.2,"POP2012":51723,"POP12_SQMI":8766.6,"WHITE":27835,"BLACK":2613,"AMERI_ES":876,"ASIAN":433,"HAWN_PI":63,"HISPANIC":40120,"OTHER":17478,"MULT_RACE":1885,"MALES":25578,"FEMALES":25604,"AGE_UNDER5":5840,"AGE_5_9":5527,"AGE_10_14":5141,"AGE_15_19":5009,"AGE_20_24":4131,"AGE_25_34":7793,"AGE_35_44":6938,"AGE_45_54":5170,"AGE_55_64":3059,"AGE_65_74":1683,"AGE_75_84":721,"AGE_85_UP":172,"MED_AGE":24.9,"MED_AGE_M":24.5,"MED_AGE_F":25.4,"HOUSEHOLDS":13069,"AVE_HH_SZ":3.92,"HSEHLD_1_M":925,"HSEHLD_1_F":760,"MARHH_CHD":4681,"MARHH_NO_C":1887,"MHH_CHILD":987,"FHH_CHILD":2204,"FAMILIES":10809,"AVE_FAM_SZ":4.21,"HSE_UNITS":15381,"VACANT":2312,"OWNER_OCC":7191,"RENTER_OCC":5878,"SQMI":5.9},"geometry":{"type":"Polygon","coordinates":[[[-112.203216353211005,33.509294565694098],[-112.201827268778999,33.509310892798503],[-112.201745473187998,33.509314521043898],[-112.201633637857995,33.509370011856298],[-112.195510920350998,33.509449086263899],[-112.195037274252996,33.509602753128803],[-112.193131805128004,33.509626390080598],[-112.193087252408006,33.509550890561897],[-112.193132712188998,33.509481793829202],[-112.193033629075003,33.509374547162999],[-112.192185473351003,33.509371825979002],[-112.192186380411997,33.5094891036766],[-112.187716382052002,33.509540912886997],[-112.187595476108001,33.509599978588199],[-112.186314545404997,33.509613637865101],[-112.186356376939997,33.5079782062408],[-112.186370889922003,33.505900929023099],[-112.186215462291003,33.5059000219618],[-112.186173630754993,33.504495464130798],[-112.186176351938997,33.503793612067703],[-112.186269992684998,33.503812713712698],[-112.186396340995998,33.503800921915101],[-112.186414535579999,33.501423620814897],[-112.186186382971002,33.501425434937602],[-112.186229068211006,33.498672717149297],[-112.186210019922001,33.497193620217502],[-112.186268178562003,33.4964172824101],[-112.186212741106999,33.496068170501303],[-112.186459088299003,33.496052750458198],[-112.186411814395996,33.487791822552602],[-112.186416349702995,33.485220890531302],[-112.186233656873995,33.485231828624102],[-112.186227254087996,33.482696378708802],[-112.186410907333993,33.482690882984102],[-112.186391805688999,33.4805191113158],[-112.201101833121001,33.480351838530503],[-112.201229995554996,33.480290905350003],[-112.203270883605001,33.480249980875897],[-112.220550882639998,33.480111840767101],[-112.226062721003004,33.479991841885401],[-112.229172714252002,33.4798763783105],[-112.237930018144993,33.479719990261501],[-112.237915451806998,33.481133618705996],[-112.237906381193994,33.4812672768646],[-112.237813647509,33.481386368684902],[-112.237770908911997,33.482353616229403],[-112.237770001851004,33.491794524245698],[-112.237741829591997,33.494272722582501],[-112.237762745360001,33.4960054765546],[-112.237693648627001,33.508780902184],[-112.225492712974997,33.508942732601199],[-112.220653647356002,33.508981842952601],[-112.204678162619999,33.509326366198103],[-112.204565473586001,33.5092781852331],[-112.203216353211005,33.509294565694098]]]}},
{"type":"Feature","properties":{"FID":12978,"ObjectID":12695,"ZIP":"85034","PO_NAME":"Phoenix","STATE":"AZ","POP2010":7480,"POP10_SQMI":625.4,"POP2012":7287,"POP12_SQMI":607.3,"WHITE":4146,"BLACK":791,"AMERI_ES":251,"ASIAN":215,"HAWN_PI":5,"HISPANIC":4362,"OTHER":1787,"MULT_RACE":284,"MALES":4012,"FEMALES":3468,"AGE_UNDER5":641,"AGE_5_9":555,"AGE_10_14":504,"AGE_15_19":490,"AGE_20_24":741,"AGE_25_34":1442,"AGE_35_44":1063,"AGE_45_54":958,"AGE_55_64":619,"AGE_65_74":272,"AGE_75_84":133,"AGE_85_UP":60,"MED_AGE":30.0,"MED_AGE_M":31.7,"MED_AGE_F":28.4,"HOUSEHOLDS":2722,"AVE_HH_SZ":2.47,"HSEHLD_1_M":639,"HSEHLD_1_F":450,"MARHH_CHD":318,"MARHH_NO_C":300,"MHH_CHILD":121,"FHH_CHILD":356,"FAMILIES":1303,"AVE_FAM_SZ":3.59,"HSE_UNITS":3381,"VACANT":659,"OWNER_OCC":599,"RENTER_OCC":2123,"SQMI":12.0},"geometry":{"type":"Polygon","coordinates":[[[-112.06513909841,33.451425438471297],[-112.064564555076004,33.4513981732741],[-112.064333627926004,33.451313656498399],[-112.064230916566999,33.451312749437001],[-112.063977259526993,33.451313656498399],[-112.063885432904002,33.451354527615898],[-112.056806352587998,33.4513591162792],[-112.056683632521995,33.4513981732741],[-112.055334565503998,33.451391823844602],[-112.052714545455999,33.451422717287301],[-112.052634563986999,33.451386381476503],[-112.047119097378996,33.4514336553801],[-112.038970004803005,33.451432748318702],[-112.030150914024006,33.451347271125101],[-111.997840908325003,33.4512727320243],[-111.976979991128005,33.451094521146103],[-111.975729100161999,33.4510727516736],[-111.973500930620006,33.450975429325801],[-111.970954542612006,33.450957288098699],[-111.970864530111001,33.450997252154899],[-111.97078273452,33.451004562002304],[-111.968843650766999,33.451022703229398],[-111.966884558309005,33.450975429325801],[-111.966793638747006,33.450933651146897],[-111.965902744426003,33.450935465269602],[-111.963280003194001,33.451019074984004],[-111.962185446920998,33.451013632615798],[-111.960981829858,33.451019074984004],[-111.961037267313998,33.446766344496098],[-111.961051833651993,33.442246351047601],[-111.961036360253004,33.442183657100898],[-111.960910919002998,33.442045463635601],[-111.960989086349002,33.442055441310501],[-111.961000024442001,33.441616370257798],[-111.959480003036006,33.4410172829106],[-111.959975471961997,33.440668171001803],[-111.960236385493999,33.440417288502097],[-111.960477290317996,33.440123614049099],[-111.961017258607995,33.440353634137601],[-111.961460011262005,33.440273652668601],[-111.961781804617999,33.440448181944802],[-111.961732716591001,33.440345470585399],[-111.961779990495003,33.440191803720403],[-111.963397280891996,33.440853638370697],[-111.964958173414999,33.443465441509602],[-111.965470929863997,33.443049100347402],[-111.965394523284004,33.442640015675998],[-111.965110026158001,33.442361814622501],[-111.966001827539998,33.441500906682897],[-111.968250005787993,33.441698165849402],[-111.968385478070005,33.441796341902098],[-111.968709992609007,33.441916340783699],[-111.968570892081999,33.441607246287703],[-111.969061825701999,33.441578166967801],[-111.969285443003997,33.441537295850203],[-111.969562736995996,33.4412681654103],[-111.969711815197996,33.441210913831803],[-111.970078161271999,33.441175431725803],[-111.971409994124997,33.441132746485501],[-111.973392723535994,33.441029981769603],[-111.975138176366997,33.440698157383103],[-111.975592720818995,33.440732732427698],[-111.975816338122002,33.440772749840498],[-111.976097260358998,33.4408663372297],[-111.977580892597999,33.4414790838538],[-111.978424566371999,33.441860903327999],[-111.978416349463004,33.440830908480301],[-111.978388177203996,33.440673613369903],[-111.978347252730003,33.440619990036801],[-111.978292722335993,33.440592724839597],[-111.978140922950004,33.440556389028799],[-111.977127255206995,33.439583645759697],[-111.976886350382003,33.439542721285598],[-111.976561835843,33.439431793017398],[-111.976337258122996,33.439307258828897],[-111.976139091895007,33.439155459443199],[-111.975972726170994,33.4389736203197],[-111.975859983779998,33.438795462798097],[-111.975780002310998,33.438601831877001],[-111.975727286039003,33.438290016196802],[-111.975753644175001,33.438023660297603],[-111.975822740908001,33.437797268454503],[-111.975907257683005,33.437639973344098],[-111.976027256565004,33.437482731590201],[-111.976203653320994,33.4373127376209],[-111.976413611346004,33.437170915910102],[-111.976622715667006,33.4370718327961],[-111.976882722137006,33.436992705031997],[-111.976907266149993,33.436901838826799],[-111.976802740668006,33.436562704592802],[-111.97682637762,33.436466342662897],[-111.976811811280996,33.436055443868803],[-111.976752745580001,33.4355209179475],[-111.976940934132998,33.4351990712359],[-111.976789988451998,33.435040015359398],[-111.977023636786001,33.435004533253398],[-111.977040924308,33.434956352288502],[-111.976824563497004,33.432911835992698],[-111.977616374703999,33.428451815306801],[-111.977538207357995,33.428356360438201],[-111.977910902862007,33.426868192892897],[-111.977973650164998,33.427350002542397],[-111.97807364034,33.427872736665996],[-111.978049096326998,33.427377267739601],[-111.978056352818001,33.426337295217003],[-111.978162745779002,33.421950906570601],[-111.979832752448004,33.4219518136319],[-111.980013631153994,33.421882716899198],[-111.980055462688995,33.421817248411998],[-111.981285437888005,33.421805456614301],[-111.983017284797995,33.4218463810884],[-111.984838183791993,33.4217809126012],[-111.986529106228005,33.421809991921101],[-111.986660896908006,33.421819115891203],[-111.986790019758999,33.4218918408693],[-111.986893638180007,33.421920920189301],[-111.986977247894998,33.4218809027765],[-111.995456350734003,33.421889973390101],[-111.999767293218994,33.421959977184102],[-111.999867283393996,33.421959070122803],[-111.999981839908003,33.421900911482901],[-112.000679103306993,33.421845474027101],[-112.001241801486998,33.421722700604803],[-112.001596355763994,33.421609104509102],[-112.002073630107006,33.4214045354951],[-112.002324565962994,33.4212691165704],[-112.002756380525,33.420970906810602],[-112.003200893946001,33.4205609150778],[-112.003488165613007,33.420203639616702],[-112.004190017675995,33.419242741501698],[-112.004693650155005,33.418672733474502],[-112.005101827765003,33.418266369987201],[-112.005725459125003,33.417740914679499],[-112.007747298886997,33.416301835160397],[-112.008170896539994,33.415920922747603],[-112.008423646519006,33.415634558141903],[-112.008628162175995,33.415362706518003],[-112.008983623514993,33.414751827373202],[-112.009117281672999,33.414797287154101],[-112.009752704831001,33.413601833643803],[-112.010367265577997,33.412609988729599],[-112.011979113606998,33.413260885287201],[-112.012486374331004,33.413510914082003],[-112.013168164331006,33.413914556385301],[-112.013576341941004,33.414208177481797],[-112.013998178828004,33.4145572893907],[-112.014401821131003,33.414941830048903],[-112.014941842777006,33.415370016365401],[-112.018528203307994,33.4196227468532],[-112.018929071071,33.419580915317802],[-112.024099107371995,33.417989075995102],[-112.028429098144997,33.417210017003697],[-112.029928203783001,33.416992749130699],[-112.030739116635004,33.416960895270201],[-112.041247262371002,33.416130934129697],[-112.047400019616006,33.417726348341198],[-112.04796543898,33.418203622683997],[-112.049505469093006,33.418845448627998],[-112.049512725583,33.418879116611201],[-112.054021834295995,33.419837293542102],[-112.055341821994006,33.419792740822601],[-112.057239981273,33.420157272774503],[-112.059139100969006,33.420341833082098],[-112.061647285687002,33.420728187863098],[-112.062139980072004,33.420760895428401],[-112.062656364766994,33.421100883367203],[-112.064350915448998,33.420963650319699],[-112.06487909194,33.421030932929703],[-112.064993648454006,33.424172726682997],[-112.065118182643005,33.425803623000597],[-112.065132748981,33.426885480415201],[-112.065210009265996,33.426993634142697],[-112.065273610274005,33.428850015241899],[-112.065269982027999,33.430452739300897],[-112.065200885295994,33.433163625553703],[-112.065227296787995,33.439309072951701],[-112.065253654924007,33.439949084772898],[-112.065353645098995,33.440930898655601],[-112.065456356458995,33.4424281901711],[-112.065307278256995,33.442700895499897],[-112.065319070054997,33.443002733505097],[-112.065297247225004,33.443426384514801],[-112.065269982027999,33.443656351246702],[-112.065184558191007,33.443984547387799],[-112.065177248344,33.444240925612199],[-112.065049085910005,33.444997254713201],[-112.064998183761006,33.445683633376703],[-112.065126346195001,33.445894551820203],[-112.065170898914005,33.4471008900667],[-112.065180022883993,33.448226339782899],[-112.064995462577002,33.448227246844297],[-112.065030891326003,33.449289095552501],[-112.065104523366003,33.4493699840828],[-112.065180929945996,33.449372705266804],[-112.065175434221004,33.449530000377202],[-112.065101802181999,33.449638207461298],[-112.06513909841,33.451425438471297]]]}},
{"type":"Feature","properties":{"FID":12980,"ObjectID":12696,"ZIP":"85035","PO_NAME":"Phoenix","STATE":"AZ","POP2010":47617,"POP10_SQMI":9523.4,"POP2012":48668,"POP12_SQMI":9733.6,"WHITE":20755,"BLACK":2718,"AMERI_ES":1098,"ASIAN":421,"HAWN_PI":64,"HISPANIC":39603,"OTHER":20655,"MULT_RACE":1906,"MALES":23732,"FEMALES":23885,"AGE_UNDER5":5727,"AGE_5_9":4999,"AGE_10_14":4432,"AGE_15_19":4582,"AGE_20_24":4469,"AGE_25_34":7837,"AGE_35_44":6170,"AGE_45_54":4566,"AGE_55_64":2795,"AGE_65_74":1365,"AGE_75_84":556,"AGE_85_UP":120,"MED_AGE":24.6,"MED_AGE_M":24.4,"MED_AGE_F":24.8,"HOUSEHOLDS":12494,"AVE_HH_SZ":3.81,"HSEHLD_1_M":1090,"HSEHLD_1_F":870,"MARHH_CHD":4026,"MARHH_NO_C":1537,"MHH_CHILD":1059,"FHH_CHILD":2276,"FAMILIES":9841,"AVE_FAM_SZ":4.19,"HSE_UNITS":14721,"VACANT":2227,"OWNER_OCC":5307,"RENTER_OCC":7187,"SQMI":5.0},"geometry":{"type":"Polygon","coordinates":[[[-112.186391805688999,33.4805191113158],[-112.177630019846006,33.4805036379162],[-112.17165638054,33.480462713442101],[-112.160251844757994,33.480492753179902],[-112.160252751819996,33.4803481569285],[-112.158222748506006,33.480346342805802],[-112.158219066903996,33.480459085196699],[-112.15464001622,33.480457271074002],[-112.154529087952,33.480505452038898],[-112.153866346241003,33.480507266161602],[-112.153758192512996,33.480462713442101],[-112.151658185404997,33.480461806380703],[-112.151693614153999,33.478951816006301],[-112.151800914177002,33.465949998533802],[-112.155070923720999,33.4659463702884],[-112.155150905189998,33.465909074059702],[-112.156131812010997,33.465907259936998],[-112.156280890212997,33.465913662722997],[-112.156350894007005,33.465950905595101],[-112.161779976359995,33.465970007240202],[-112.1864436149,33.465972728424198],[-112.208399995432003,33.465802734454897],[-112.212416356402002,33.465757274673997],[-112.212654540043005,33.465698155616202],[-112.213378161578007,33.465681828511798],[-112.216292709784,33.465670890418998],[-112.216332727196999,33.464632732019098],[-112.216359992394004,33.464523617873702],[-112.216390885837001,33.464492724431103],[-112.216517287504004,33.464469087479301],[-112.217079985683995,33.464467273356497],[-112.217394522548005,33.464417278268897],[-112.218421796211999,33.464423627698402],[-112.218570020708995,33.464493631492402],[-112.220397269131993,33.464507290769298],[-112.220439100666994,33.465520905155998],[-112.224271808390995,33.465346375879903],[-112.224886369136996,33.465518183971902],[-112.234900006364995,33.465322738928101],[-112.236407275554996,33.465306358467103],[-112.236508172792,33.4653490970639],[-112.238096383869006,33.465328181296201],[-112.238320001171999,33.465328181296201],[-112.238287293606007,33.4662772876136],[-112.238255439745998,33.468889997813797],[-112.237991805031001,33.468899068427397],[-112.237910916499999,33.477071797955197],[-112.237937274635996,33.478029974886098],[-112.237930018144993,33.479719990261501],[-112.229172714252002,33.4798763783105],[-112.226062721003004,33.479991841885401],[-112.220550882639998,33.480111840767101],[-112.203270883605001,33.480249980875897],[-112.201229995554996,33.480290905350003],[-112.201101833121001,33.480351838530503],[-112.186391805688999,33.4805191113158]]]}},
{"type":"Feature","properties":{"FID":12982,"ObjectID":12697,"ZIP":"85037","PO_NAME":"Phoenix","STATE":"AZ","POP2010":49436,"POP10_SQMI":5741.7,"POP2012":46006,"POP12_SQMI":5349.5,"WHITE":26300,"BLACK":3887,"AMERI_ES":842,"ASIAN":1472,"HAWN_PI":80,"HISPANIC":30592,"OTHER":14626,"MULT_RACE":2230,"MALES":24544,"FEMALES":24892,"AGE_UNDER5":4725,"AGE_5_9":4735,"AGE_10_14":4728,"AGE_15_19":4613,"AGE_20_24":4183,"AGE_25_34":8047,"AGE_35_44":7137,"AGE_45_54":5619,"AGE_55_64":3510,"AGE_65_74":1459,"AGE_75_84":546,"AGE_85_UP":135,"MED_AGE":27.1,"MED_AGE_M":26.3,"MED_AGE_F":27.9,"HOUSEHOLDS":14262,"AVE_HH_SZ":3.46,"HSEHLD_1_M":1141,"HSEHLD_1_F":1035,"MARHH_CHD":4568,"MARHH_NO_C":2472,"MHH_CHILD":957,"FHH_CHILD":2092,"FAMILIES":11133,"AVE_FAM_SZ":3.85,"HSE_UNITS":16362,"VACANT":2100,"OWNER_OCC":8918,"RENTER_OCC":5344,"SQMI":8.6},"geometry":{"type":"Polygon","coordinates":[[[-112.272470007509,33.508363653960402],[-112.267550000002004,33.508539090297901],[-112.264031829142994,33.508616350582798],[-112.263901799229998,33.508560913126999],[-112.255006355228005,33.508793654399497],[-112.254693632485996,33.508829083149003],[-112.254003625576999,33.508977254289299],[-112.250737297634998,33.5089872853207],[-112.250743647064994,33.508790026154102],[-112.237693648627001,33.508780902184],[-112.237762745360001,33.4960054765546],[-112.237741829591997,33.494272722582501],[-112.237770001851004,33.491794524245698],[-112.237770908911997,33.482353616229403],[-112.237813647509,33.481386368684902],[-112.237906381193994,33.4812672768646],[-112.237915451806998,33.481133618705996],[-112.237930018144993,33.479719990261501],[-112.237937274635996,33.478029974886098],[-112.237910916499999,33.477071797955197],[-112.237991805031001,33.468899068427397],[-112.238255439745998,33.468889997813797],[-112.238287293606007,33.4662772876136],[-112.238320001171999,33.465328181296201],[-112.247631839693,33.465164536756298],[-112.256364546216005,33.465049980242803],[-112.261323610717994,33.464929074299697],[-112.265032744671004,33.464876358028],[-112.265154557675004,33.464819106449397],[-112.266572721426002,33.464760894453001],[-112.266744529517993,33.464839115155797],[-112.269393628885993,33.464779996098102],[-112.269395443009003,33.4648617916897],[-112.272504529196993,33.464818199388098],[-112.272525444964003,33.465642718160403],[-112.272495458582995,33.468170911584899],[-112.272533661872998,33.468238194194903],[-112.272512746106003,33.468645464743602],[-112.272490016215002,33.4756799923397],[-112.272452719986006,33.479145446927397],[-112.272467286324996,33.490748202293602],[-112.272442742311,33.493779067778803],[-112.273038201413002,33.493761833613],[-112.273137284526996,33.493805479271202],[-112.273944569134002,33.493802704730598],[-112.274745450954001,33.493792727055698],[-112.274819990054993,33.4937563378883],[-112.275331839442003,33.493749081397503],[-112.277247286242996,33.493751802581599],[-112.283476343355005,33.493670006989902],[-112.289980026631994,33.4936308966385],[-112.298519102235005,33.493328204928503],[-112.306691831761995,33.493067291397303],[-112.317437254078001,33.493156343479903],[-112.317548182346002,33.493629989577201],[-112.317556345897998,33.494291824227503],[-112.317466386754006,33.494804527319701],[-112.317280012324005,33.495283615785198],[-112.317526359517004,33.498607248661997],[-112.317361807916001,33.507500024836702],[-112.310041822775005,33.507489086743902],[-112.303332716780005,33.507628187270598],[-112.302727280002998,33.507689974155902],[-112.300116383925001,33.507782707840398],[-112.290375452027007,33.508220925188198],[-112.289989097246007,33.508295464289098],[-112.289896363560999,33.508224553433699],[-112.289490000073997,33.508236345231303],[-112.289487278889993,33.5081991023592],[-112.282930025636006,33.508256353937703],[-112.275976386569994,33.508284526196299],[-112.272943653606006,33.508320915363598],[-112.272853641105996,33.5083645610217],[-112.272470007509,33.508363653960402]]]}},
{"type":"Feature","properties":{"FID":12984,"ObjectID":12698,"ZIP":"85040","PO_NAME":"Phoenix","STATE":"AZ","POP2010":29571,"POP10_SQMI":2957.1,"POP2012":30221,"POP12_SQMI":3022.1,"WHITE":10416,"BLACK":6124,"AMERI_ES":746,"ASIAN":445,"HAWN_PI":153,"HISPANIC":19120,"OTHER":10375,"MULT_RACE":1312,"MALES":15000,"FEMALES":14571,"AGE_UNDER5":3134,"AGE_5_9":2789,"AGE_10_14":2590,"AGE_15_19":2751,"AGE_20_24":2341,"AGE_25_34":4689,"AGE_35_44":3901,"AGE_45_54":3279,"AGE_55_64":2116,"AGE_65_74":1158,"AGE_75_84":648,"AGE_85_UP":177,"MED_AGE":27.5,"MED_AGE_M":27.2,"MED_AGE_F":27.8,"HOUSEHOLDS":8760,"AVE_HH_SZ":3.37,"HSEHLD_1_M":1094,"HSEHLD_1_F":862,"MARHH_CHD":2117,"MARHH_NO_C":1054,"MHH_CHILD":589,"FHH_CHILD":1495,"FAMILIES":6146,"AVE_FAM_SZ":3.98,"HSE_UNITS":10536,"VACANT":1776,"OWNER_OCC":4349,"RENTER_OCC":4411,"SQMI":10.0},"geometry":{"type":"Polygon","coordinates":[[[-111.978162745779002,33.421950906570601],[-111.978170909330998,33.420453615055102],[-111.978240913125006,33.4173481571125],[-111.978266364199996,33.416987253405999],[-111.978137294704993,33.4169518246566],[-111.978200895713002,33.414080922109299],[-111.978165466963006,33.409578162826499],[-111.978170002270005,33.4083117984609],[-111.978252704922994,33.4083572582418],[-111.978298164704,33.405541793150199],[-111.978298164704,33.400052738034603],[-111.978335460932996,33.393978201492097],[-111.978319080472005,33.392757296907298],[-111.978890902621998,33.392749079998502],[-111.978900933652994,33.392839999560302],[-111.979431831328995,33.392892715831998],[-111.980778177163998,33.392871800064299],[-111.980809070606,33.392740009385001],[-111.981999081748,33.392730885414899],[-111.981971816550995,33.392860008266702],[-111.983090916837995,33.392861822389399],[-111.984582712629006,33.392846348989799],[-111.984109066531005,33.392715465371801],[-111.993607279483001,33.392643647455102],[-111.993447263188003,33.392782747981798],[-111.994885435645998,33.393213655482299],[-111.994940926458,33.392630895239499],[-112.012610908518994,33.392545471402499],[-112.013076337708,33.392603630042302],[-112.013487289859,33.392699991972201],[-112.015613655102996,33.393551829298303],[-112.016027275081001,33.393689115702301],[-112.016568203787998,33.393802711798003],[-112.017108172077997,33.3938299769952],[-112.020363615283003,33.393553643421001],[-112.021060932039006,33.393512718946901],[-112.034382728744006,33.393045475635702],[-112.039650887741999,33.392838185437597],[-112.040283643072001,33.392823619099403],[-112.042420893051997,33.392849977235201],[-112.047351838650997,33.392738195262297],[-112.051761810892998,33.392596373551498],[-112.054517249865,33.392276340962603],[-112.054869990019995,33.392256385612797],[-112.073389995284003,33.392220903506797],[-112.073423609911003,33.400213661390403],[-112.073410911051994,33.406694561420203],[-112.073508180043007,33.414478161626498],[-112.073629085985999,33.4159327145452],[-112.073661793552006,33.417337272376201],[-112.073616387127004,33.417956368429699],[-112.073399065898002,33.419089074636801],[-112.073358194779999,33.419449071281903],[-112.073365451271002,33.421805456614301],[-112.073322712673999,33.421838164179697],[-112.073269996402999,33.421789983214701],[-112.070566366641003,33.421436389355698],[-112.068495438853006,33.421185453499497],[-112.067427294070995,33.421085463324097],[-112.06487909194,33.421030932929703],[-112.064350915448998,33.420963650319699],[-112.062656364766994,33.421100883367203],[-112.062139980072004,33.420760895428401],[-112.061647285687002,33.420728187863098],[-112.059139100969006,33.420341833082098],[-112.057239981273,33.420157272774503],[-112.055341821994006,33.419792740822601],[-112.054021834295995,33.419837293542102],[-112.049512725583,33.418879116611201],[-112.049505469093006,33.418845448627998],[-112.04796543898,33.418203622683997],[-112.047400019616006,33.417726348341198],[-112.041247262371002,33.416130934129697],[-112.030739116635004,33.416960895270201],[-112.029928203783001,33.416992749130699],[-112.028429098144997,33.417210017003697],[-112.024099107371995,33.417989075995102],[-112.018929071071,33.419580915317802],[-112.018528203307994,33.4196227468532],[-112.014941842777006,33.415370016365401],[-112.014401821131003,33.414941830048903],[-112.013998178828004,33.4145572893907],[-112.013576341941004,33.414208177481797],[-112.013168164331006,33.413914556385301],[-112.012486374331004,33.413510914082003],[-112.011979113606998,33.413260885287201],[-112.010367265577997,33.412609988729599],[-112.009752704831001,33.413601833643803],[-112.009117281672999,33.414797287154101],[-112.008983623514993,33.414751827373202],[-112.008628162175995,33.415362706518003],[-112.008423646519006,33.415634558141903],[-112.008170896539994,33.415920922747603],[-112.007747298886997,33.416301835160397],[-112.005725459125003,33.417740914679499],[-112.005101827765003,33.418266369987201],[-112.004693650155005,33.418672733474502],[-112.004190017675995,33.419242741501698],[-112.003488165613007,33.420203639616702],[-112.003200893946001,33.4205609150778],[-112.002756380525,33.420970906810602],[-112.002324565962994,33.4212691165704],[-112.002073630107006,33.4214045354951],[-112.001596355763994,33.421609104509102],[-112.001241801486998,33.421722700604803],[-112.000679103306993,33.421845474027101],[-111.999981839908003,33.421900911482901],[-111.999867283393996,33.421959070122803],[-111.999767293218994,33.421959977184102],[-111.995456350734003,33.421889973390101],[-111.986977247894998,33.4218809027765],[-111.986893638180007,33.421920920189301],[-111.986790019758999,33.4218918408693],[-111.986660896908006,33.421819115891203],[-111.986529106228005,33.421809991921101],[-111.984838183791993,33.4217809126012],[-111.983017284797995,33.4218463810884],[-111.981285437888005,33.421805456614301],[-111.980055462688995,33.421817248411998],[-111.980013631153994,33.421882716899198],[-111.979832752448004,33.4219518136319],[-111.978162745779002,33.421950906570601]]]}},
{"type":"Feature","properties":{"FID":12986,"ObjectID":12699,"ZIP":"85041","PO_NAME":"Phoenix","STATE":"AZ","POP2010":55539,"POP10_SQMI":3611.1,"POP2012":57331,"POP12_SQMI":3722.8,"WHITE":25318,"BLACK":8012,"AMERI_ES":1348,"ASIAN":1488,"HAWN_PI":111,"HISPANIC":36573,"OTHER":16789,"MULT_RACE":2473,"MALES":27386,"FEMALES":28153,"AGE_UNDER5":5786,"AGE_5_9":5349,"AGE_10_14":4945,"AGE_15_19":4833,"AGE_20_24":4257,"AGE_25_34":8955,"AGE_35_44":7598,"AGE_45_54":6105,"AGE_55_64":4368,"AGE_65_74":2098,"AGE_75_84":967,"AGE_85_UP":276,"MED_AGE":27.9,"MED_AGE_M":27.3,"MED_AGE_F":28.4,"HOUSEHOLDS":15648,"AVE_HH_SZ":3.54,"HSEHLD_1_M":1217,"HSEHLD_1_F":1086,"MARHH_CHD":4584,"MARHH_NO_C":2730,"MHH_CHILD":964,"FHH_CHILD":2678,"FAMILIES":12293,"AVE_FAM_SZ":3.92,"HSE_UNITS":17587,"VACANT":1939,"OWNER_OCC":10726,"RENTER_OCC":4922,"SQMI":15.4},"geometry":{"type":"Polygon","coordinates":[[[-112.073365451271002,33.421805456614301],[-112.073358194779999,33.419449071281903],[-112.073399065898002,33.419089074636801],[-112.073616387127004,33.417956368429699],[-112.073661793552006,33.417337272376201],[-112.073629085985999,33.4159327145452],[-112.073508180043007,33.414478161626498],[-112.073410911051994,33.406694561420203],[-112.073423609911003,33.400213661390403],[-112.073389995284003,33.392220903506797],[-112.073360008902995,33.391080887452297],[-112.073296354538996,33.3909836184611],[-112.073306385570007,33.387693653567403],[-112.073248173574001,33.379082706691598],[-112.073259111666005,33.377755462502101],[-112.073286376864004,33.377215440856098],[-112.073291819231997,33.375638167871699],[-112.073250894758004,33.367656348080899],[-112.073199085547003,33.3668982048572],[-112.073227257805996,33.360571825397102],[-112.073272717587002,33.359651798399703],[-112.073247266511999,33.358197298837602],[-112.073208156161002,33.3579072526299],[-112.073128174692002,33.357608189165298],[-112.079170910729999,33.353709105893103],[-112.083603612863001,33.355860922211498],[-112.083719076437006,33.355840913505098],[-112.084164550276,33.355838192321102],[-112.089387249493001,33.355862736334203],[-112.090638193814996,33.355802710215102],[-112.091870890197995,33.355811834185197],[-112.091932730438998,33.355872714009102],[-112.092035441798998,33.355720914623397],[-112.091976376098003,33.3549509262456],[-112.091597277806997,33.354619101859001],[-112.091719090812006,33.351549979727203],[-112.091653622324998,33.351511829793701],[-112.091456363158002,33.349637254110803],[-112.091441796820007,33.349070927685602],[-112.091363629474003,33.348940897772401],[-112.091408182193007,33.348971844571601],[-112.091551818027,33.348629989153601],[-112.092079994518002,33.3487963548775],[-112.092348164539999,33.348409093035201],[-112.093604551230996,33.348933641281498],[-112.094170931012997,33.349055454286002],[-112.094923631867999,33.349164568431398],[-112.095858171847993,33.349160886829402],[-112.097679070840996,33.3485909321587],[-112.100496350054996,33.348640020185002],[-112.100538181591006,33.348281837662697],[-112.100558190296994,33.344990912351101],[-112.117994524023999,33.344343644039],[-112.117675451853003,33.344492722240602],[-112.117668195362,33.344575478250199],[-112.117074550382995,33.344802723798097],[-112.117267274243005,33.345171844413301],[-112.117763650230998,33.345652747001502],[-112.117817273564,33.345782723558102],[-112.117840003455001,33.346200932199601],[-112.117807295888994,33.348190918100897],[-112.117669102424003,33.348936362465601],[-112.117653629024005,33.349508184615502],[-112.117632713256,33.356209073702502],[-112.117608169242999,33.357313661007503],[-112.117617293213002,33.363082731299301],[-112.117566337707999,33.367651812774099],[-112.117550917665,33.371453627055097],[-112.117526373651998,33.374009992738202],[-112.117515435559,33.3743672681993],[-112.117478192687003,33.374602730655901],[-112.117407281831007,33.377652751142698],[-112.118053643082007,33.377652751142698],[-112.118177270209003,33.377708188598497],[-112.128830919257993,33.3776708923698],[-112.131586358229995,33.377675481033101],[-112.132618167201002,33.3776708923698],[-112.132761803034001,33.377694529321602],[-112.133772749593007,33.377677295155799],[-112.133733639241996,33.380276346079199],[-112.137997254466001,33.3802818418039],[-112.137562718720005,33.3793572794997],[-112.138427254904997,33.378351828665203],[-112.137840919774007,33.377703653291697],[-112.138032736572001,33.377638184804503],[-112.141086385304007,33.377633649497703],[-112.141168180896003,33.377697250505697],[-112.151052748628004,33.377669985308401],[-112.150973620863994,33.384119084834303],[-112.150980930711995,33.386680892885501],[-112.150871816565996,33.396481797546897],[-112.150892732334,33.4005618128813],[-112.150869095382006,33.402107285361801],[-112.150881794241002,33.402834535142802],[-112.150953612158006,33.403400914924603],[-112.151004567662994,33.4035990811525],[-112.150956386697999,33.406014532186198],[-112.150973620863994,33.406050921353497],[-112.150738158408004,33.406071837121303],[-112.143971800833,33.406096381134397],[-112.143680900920998,33.406112708238801],[-112.142819992981003,33.406381838678698],[-112.141979093748006,33.406557275016198],[-112.141418156333998,33.406636349423799],[-112.140309087079004,33.406713609708703],[-112.136787287974002,33.406738207078398],[-112.134859996019998,33.406720012494802],[-112.133698157135996,33.406671831529799],[-112.133744523977995,33.408237259360099],[-112.133888159812003,33.4108827304822],[-112.133161817092002,33.410515477346301],[-112.128128160133002,33.4106718120387],[-112.125397265174001,33.410668183793298],[-112.124992715809995,33.410634569166596],[-112.118623651109004,33.4105663794953],[-112.110898156185996,33.410440884888899],[-112.110097274365998,33.410508167498897],[-112.107779999385002,33.410960897828502],[-112.107438197323006,33.4111391087066],[-112.107117257672996,33.411232749452402],[-112.106734531136993,33.4114190705262],[-112.106254535611001,33.411731793267698],[-112.106054555260002,33.411833650922297],[-112.105869994952002,33.411882738948599],[-112.105522750522994,33.411882738948599],[-112.104860915871996,33.411682705241397],[-112.104030901374998,33.411497291228997],[-112.103799067164005,33.411392712390303],[-112.103389982492999,33.4110636625444],[-112.103260912997996,33.411008171732099],[-112.103005441834995,33.4109682076759],[-112.101606379727997,33.410945477785397],[-112.101433611217999,33.410987255964301],[-112.101073614572996,33.411130891797796],[-112.100371815867007,33.4112591075883],[-112.099889099156002,33.4112390988819],[-112.099660893190006,33.411144551074699],[-112.099520885602004,33.411172723333301],[-112.099070929812996,33.411172723333301],[-112.098872710227994,33.411208205439202],[-112.098588159745006,33.411206337960003],[-112.098407281039997,33.411229974911798],[-112.098102721851006,33.411160024474299],[-112.097815450184001,33.411140922829297],[-112.097132753121997,33.411169095087899],[-112.096231827769998,33.411355469518199],[-112.095536378492994,33.411410906973998],[-112.095409976824996,33.4114399862939],[-112.095229098119006,33.411532719978403],[-112.094686355288999,33.411693643334203],[-112.094483653753997,33.411812735154498],[-112.094200010332997,33.411875429101201],[-112.093423619169002,33.412345446953097],[-112.092949066009993,33.412562714826102],[-112.092186387479998,33.413089077195103],[-112.091657250569995,33.413611811318702],[-112.090759099758003,33.414409064893903],[-112.090586384605004,33.414586368710602],[-112.087861839075003,33.415951816190201],[-112.086050917757007,33.417022735511999],[-112.08451729043,33.417860006499801],[-112.082738169615993,33.4187036269172],[-112.082333620251006,33.418869992641099],[-112.082240886567007,33.418931832882997],[-112.081111808605002,33.419308156632503],[-112.080699095688999,33.419508190339698],[-112.080307298538997,33.419795462006697],[-112.078910904260994,33.420996357885102],[-112.076823649367995,33.422018189180498],[-112.074855432939003,33.422193625517998],[-112.074171828816006,33.422069091329497],[-112.073365451271002,33.421805456614301]]]}}
]
}
